0.79,-2.44,-0.43,0.79,-2.56,-0.49
0.73,-2.5,-0.61,0.91,-2.26,-0.43
0.91,-2.5,-0.43,1.16,-2.44,-0.37
1.1,-2.5,-0.43,0.91,-2.38,-0.37
0.85,-2.32,-0.61,0.67,-2.38,-0.49
0.73,-2.44,-0.49,0.67,-2.38,-0.61
0.85,-2.32,-0.49,0.67,-2.5,-0.43
0.85,-2.44,-0.43,0.85,-2.32,-0.37
1.04,-2.5,-0.43,0.91,-2.5,-0.3
0.91,-2.62,-0.37,0.85,-2.44,-0.55
0.98,-2.44,-0.49,0.85,-2.26,-0.49
1.1,-2.44,-0.49,0.98,-2.44,-0.3
0.91,-2.38,-0.24,1.04,-2.32,-0.3
0.85,-2.32,-0.37,0.85,-2.62,-0.49
0.73,-2.62,-0.37,0.73,-2.44,-0.49
0.79,-2.5,-0.43,0.98,-2.44,-0.43
0.91,-2.38,-0.37,0.79,-2.38,-0.43
0.73,-2.56,-0.37,0.91,-2.32,-0.49
0.61,-2.62,-0.37,0.91,-2.38,-0.49
0.85,-2.5,-0.61,0.85,-2.44,-0.49
1.04,-2.44,-0.3,1.1,-2.56,-0.43
0.85,-2.5,-0.49,0.79,-2.5,-0.49
0.67,-2.68,-0.3,0.61,-2.5,-0.49
0.73,-2.62,-0.43,0.73,-2.56,-0.3
0.79,-2.56,-0.55,1.04,-2.44,-0.55
1.1,-2.32,-0.49,0.91,-2.38,-0.55
1.04,-2.5,-0.24,0.91,-2.68,-0.3
0.91,-2.44,-0.24,1.04,-2.56,-0.49
0.61,-2.44,-0.37,0.73,-2.38,-0.37
0.67,-2.32,-0.49,0.98,-2.38,-0.49
0.91,-2.32,-0.37,0.91,-2.38,-0.37
0.79,-2.56,-0.49,0.98,-2.62,-0.37
0.79,-2.5,-0.49,0.61,-2.62,-0.55
0.79,-2.5,-0.37,0.85,-2.26,-0.24
0.91,-2.07,-0.43,0.85,-2.2,-0.3
1.04,-2.38,-0.3,0.85,-2.38,-0.49
0.98,-2.62,-0.37,0.91,-2.62,-0.61
0.73,-2.5,-0.43,0.85,-2.56,-0.43
0.79,-2.38,-0.49,0.79,-2.26,-0.49
0.98,-2.44,-0.55,0.85,-2.26,-0.18
0.73,-2.32,-0.37,0.67,-2.62,-0.18
0.85,-2.44,-0.37,0.61,-2.5,-0.37
0.98,-2.5,-0.49,1.04,-2.38,-0.43
0.98,-2.32,-0.37,1.16,-2.32,-0.37
0.98,-2.44,-0.43,0.85,-2.44,-0.37
0.73,-2.5,-0.49,0.73,-2.87,-0.49
0.91,-2.68,-0.55,0.91,-2.68,-0.43
1.04,-2.44,-0.43,1.04,-2.38,-0.55
0.91,-2.32,-0.37,0.67,-2.5,-0.3
0.85,-2.32,-0.3,0.79,-2.5,-0.43
0.73,-2.44,-0.43,0.61,-2.56,-0.43
1.04,-2.32,-0.43,0.98,-2.38,-0.43
0.85,-2.2,-0.55,0.85,-2.01,-0.55
0.91,-2.5,-0.3,0.85,-2.5,-0.18
0.91,-2.62,-0.49,0.79,-2.44,-0.43
0.67,-2.38,-0.37,0.79,-2.38,-0.43
0.85,-2.44,-0.24,0.79,-2.2,-0.3
0.79,-2.32,-0.24,0.91,-2.44,-0.37
0.98,-2.44,-0.3,1.04,-2.44,-0.37
1.16,-2.5,-0.49,0.98,-2.62,-0.49
1.04,-2.32,-0.49,0.73,-2.2,-0.49
0.73,-2.44,-0.37,0.55,-2.2,-0.43
0.61,-2.38,-0.37,0.55,-2.38,-0.37
0.67,-2.56,-0.49,0.67,-2.5,-0.49
0.85,-2.62,-0.49,0.85,-2.38,-0.61
0.85,-2.32,-0.37,0.91,-2.44,-0.49
0.91,-2.44,-0.37,1.04,-2.44,-0.24
0.67,-2.62,-0.43,0.85,-2.62,-0.49
0.79,-2.5,-0.43,0.67,-2.5,-0.49
0.91,-2.32,-0.37,1.04,-2.5,-0.3
0.85,-2.44,-0.49,0.91,-2.38,-0.55
0.85,-2.5,-0.43,0.61,-2.56,-0.43
0.85,-2.5,-0.49,0.79,-2.38,-0.49
0.73,-2.38,-0.49,0.61,-2.56,-0.43
0.79,-2.38,-0.18,0.79,-2.44,-0.49
0.98,-2.38,-0.43,0.85,-2.44,-0.43
0.73,-2.44,-0.67,0.79,-2.5,-0.49
0.79,-2.44,-0.43,0.98,-2.38,-0.43
0.85,-2.38,-0.3,0.67,-2.32,-0.49
0.55,-2.13,-0.61,0.67,-2.5,-0.24
0.79,-2.38,-0.43,0.98,-2.38,-0.61
0.85,-2.38,-0.49,0.91,-2.38,-0.43
0.91,-2.44,-0.43,0.91,-2.44,-0.49
0.79,-2.38,-0.37,0.79,-2.44,-0.49
0.73,-2.44,-0.55,0.98,-2.5,-0.43
0.55,-2.5,-0.49,0.79,-2.44,-0.43
0.79,-2.5,-0.3,0.61,-2.26,-0.49
0.79,-2.5,-0.43,0.85,-2.26,-0.3
0.79,-2.5,-0.3,0.73,-2.56,-0.37
0.85,-2.62,-0.49,0.91,-2.5,-0.3
0.91,-2.26,-0.3,0.67,-2.26,-0.37
0.98,-2.32,-0.49,0.85,-2.07,-0.3
0.73,-2.56,-0.43,0.85,-2.56,-0.37
0.98,-2.5,-0.49,0.91,-2.56,-0.49
0.73,-2.56,-0.49,0.85,-2.56,-0.43
0.91,-2.38,-0.43,0.91,-2.44,-0.3
0.79,-2.32,-0.43,0.91,-2.26,-0.37
0.79,-2.5,-0.3,0.67,-2.38,-0.55
0.79,-2.44,-0.49,0.79,-2.5,-0.43
0.73,-2.44,-0.55,0.79,-2.5,-0.3
0.79,-2.38,-0.55,0.85,-2.38,-0.3
0.67,-2.5,-0.61,0.85,-2.44,-0.43
0.73,-2.32,-0.3,0.67,-2.38,-0.49
0.67,-2.32,-0.49,0.67,-2.38,-0.18
0.73,-2.2,-0.43,0.79,-2.32,-0.37
0.98,-2.68,-0.43,0.85,-2.2,-0.55
0.91,-2.26,-0.49,0.67,-2.56,-0.49
0.61,-2.44,-0.49,0.67,-2.32,-0.43
0.61,-2.38,-0.49,0.73,-2.32,-0.37
0.73,-2.5,-0.49,0.91,-2.38,-0.37
0.79,-2.32,-0.37,0.85,-2.62,-0.3
0.91,-2.56,-0.49,0.98,-2.32,-0.49
0.98,-2.44,-0.61,0.85,-2.62,-0.55
1.16,-2.26,-0.49,0.91,-2.62,-0.49
0.98,-2.32,-0.43,0.98,-2.56,-0.49
0.79,-2.5,-0.37,0.67,-2.44,-0.43
0.91,-2.5,-0.49,0.67,-2.26,-0.67
0.67,-2.32,-0.43,0.73,-2.32,-0.67
0.79,-2.38,-0.43,0.61,-2.26,-0.49
0.61,-2.26,-0.49,0.79,-2.32,-0.24
0.85,-2.32,-0.37,0.85,-2.38,-0.55
1.04,-2.26,-0.37,0.73,-2.32,-0.43
0.67,-2.32,-0.61,0.67,-2.62,-0.61
1.34,-2.74,-0.55,0.85,-2.13,-0.55
0.49,-2.5,-0.55,0.85,-2.68,-0.43
0.67,-2.93,-1.46,3.05,-3.54,-1.04
1.52,-4.02,-1.46,2.56,-4.45,-1.46
3.54,-5.43,-1.04,1.46,-7.01,-0.12
1.28,-7.2,0.67,1.59,-3.23,0.61
1.4,0.49,-0.18,1.71,3.17,-0.61
3.48,3.23,-0.91,5.12,1.83,-0.98
6.59,-0.06,-0.3,7.99,-0.43,0.12
10.85,0.91,1.77,17.26,0.91,2.13
21.28,0.49,0.49,23.78,0.85,0.37
30.24,-0.43,-0.49,35.73,-5.18,-0.79
39.63,-10.3,-1.1,41.89,-13.41,-1.4
44.82,-14.39,-2.68,44.08,-13.84,-3.29
40.43,-12.5,-3.35,35.67,-10.79,-2.8
30.49,-10.61,-2.62,22.62,-11.34,-1.77
15.43,-12.99,-1.22,9.15,-12.8,-0.98
4.02,-11.04,-0.79,0,-7.68,-1.1
-3.72,-3.54,-0.85,-6.28,-1.28,-1.1
-7.68,-1.16,-0.79,-8.48,-2.2,-0.67
-9.21,-3.54,-0.49,-9.09,-4.45,-0.49
-8.11,-4.09,-0.85,-7.13,-3.9,-0.79
-6.1,-4.21,-1.16,-4.82,-4.88,-1.04
-3.48,-5.98,-0.98,-2.56,-6.65,-1.1
-0.85,-6.89,-0.91,0.37,-6.77,-0.85
1.59,-6.46,-0.85,2.38,-6.22,-0.85
2.56,-6.4,-0.85,2.68,-6.28,-0.79
2.56,-6.1,-0.79,2.07,-6.04,-0.91
1.59,-5.49,-0.73,1.28,-4.7,-0.73
1.1,-3.84,-0.49,0.85,-2.8,-0.49
0.73,-2.13,-0.43,1.4,-1.95,-0.49
1.59,-2.2,-0.55,1.71,-2.68,-0.49
2.38,-3.05,-0.3,2.93,-2.44,-0.18
3.23,-1.71,-0.06,3.96,-0.49,0.06
7.13,-0.55,-0.18,6.22,-1.04,0.12
9.09,-2.13,0.06,11.71,-4.27,-0.12
15.12,-6.46,-0.73,20.37,-8.41,-1.1
26.34,-10.37,-1.34,32.5,-10.55,-1.04
39.15,-8.9,-1.04,45.18,-6.16,-1.1
50.37,-2.44,-1.04,55.55,0.98,-0.79
60.12,3.23,-1.22,63.17,4.94,-1.65
65.61,4.82,-2.44,66.95,3.66,-3.41
66.65,1.04,-3.54,65.24,-4.27,-4.45
62.99,-12.13,-4.82,56.4,-20.91,-4.51
48.41,-29.88,-4.45,46.83,-36.16,-4.88
46.1,-38.35,-4.63,42.44,-38.54,-4.45
37.99,-35.91,-4.09,34.21,-31.22,-3.6
29.21,-24.76,-2.93,23.84,-18.84,-2.13
17.56,-12.62,-1.28,11.46,-5.67,-0.67
7.2,0.79,-0.18,2.56,5.3,0
-1.22,7.2,0.06,-3.23,6.65,-0.3
-4.45,4.09,-0.55,-4.33,1.89,-0.61
-3.72,0,-0.98,-2.26,-1.28,-0.61
-4.02,-2.13,-0.61,-2.38,-2.26,-0.98
-0.43,-1.28,-0.49,2.13,0.3,-0.37
5.06,2.74,-0.12,9.02,4.94,0
16.28,7.26,-0.18,23.05,9.33,-0.18
27.13,9.88,0.18,29.88,10.12,0.37
33.6,10.18,0.12,37.13,10.55,-0.06
38.05,11.77,-0.24,40.12,14.09,-0.85
43.17,15.73,-0.91,43.35,17.74,-1.34
44.45,19.39,-0.91,45.12,21.95,-0.98
44.21,24.21,-1.1,43.05,24.33,-1.34
42.26,22.68,-2.32,45.06,19.33,-2.99
46.04,16.83,-4.51,42.8,13.96,-4.76
36.52,9.88,-4.63,25.24,6.34,-1.59
17.32,2.93,-0.67,10.91,2.32,-0.61
4.94,1.22,-0.49,-0.06,-1.04,-0.3
-5.18,-2.93,0.43,-10,-3.78,0.67
-13.72,-3.54,0.91,-16.89,-3.17,1.95
-19.57,-0.85,2.38,-21.22,1.28,2.99
-22.01,3.41,4.09,-22.44,7.93,4.82
-23.17,12.32,5.55,-22.44,15.06,6.34
-26.16,16.28,6.65,-31.83,15.67,6.83
-31.1,12.44,6.71,-27.87,7.87,5.98
-26.77,3.05,5.37,-23.05,-4.15,3.66
-17.62,-14.15,1.16,-18.48,-23.11,-4.76
-5.37,-37.93,-8.78,7.13,-54.33,-11.22
13.84,-70.49,-12.99,16.4,-85.55,-15.61
9.21,-103.84,-15.85,1.95,-120.18,-20.3
1.28,-136.22,-25,-4.63,-159.21,-25.55
-8.23,-182.62,-26.83,-4.51,-201.77,-28.84
5.24,-216.46,-30.37,9.09,-218.6,-29.09
11.95,-205.73,-23.35,6.77,-188.23,-22.87
2.99,-164.27,-22.62,8.78,-125.73,-42.13
6.28,-83.41,-42.13,4.82,-52.93,-42.56
3.35,-44.82,-42.38,-1.77,-51.83,-39.76
-3.78,-57.8,-37.26,-3.05,-55.91,-36.16
-4.51,-51.28,-34.33,0.12,-49.33,-33.35
4.51,-47.74,-31.22,8.05,-45.98,-28.9
8.78,-43.72,-25.98,10.43,-44.15,-22.38
12.07,-44.27,-19.21,14.51,-42.93,-15.49
16.4,-39.82,-11.52,18.78,-35.43,-7.32
21.89,-28.72,-3.29,22.38,-19.33,1.89
20,-9.21,7.07,18.23,-0.67,13.05
16.22,5.79,18.9,13.23,11.4,24.69
10.61,16.28,30.12,11.16,21.28,37.32
8.54,23.41,45,11.28,30.73,47.19
8.72,38.6,47.8,5.91,51.22,50.55
0.24,69.94,56.1,-5.12,93.84,63.05
-6.52,118.54,66.46,-3.84,144.82,68.78
-1.04,173.72,69.94,2.44,209.45,71.83
11.28,246.52,71.16,17.99,276.64,65.85
30.18,290.24,60.55,47.38,284.88,49.08
64.88,267.44,32.32,78.05,211.83,11.34
122.32,153.54,1.77,140.79,131.22,-16.71
145.73,125.97,-27.44,128.11,115.85,-22.5
108.47,85.43,1.28,97.38,41.46,4.02
80,36.04,5.06,69.27,54.45,2.01
71.28,74.82,-1.46,77.19,86.28,-4.76
79.45,85.61,-7.8,62.8,77.74,-8.9
45.37,75.12,-1.1,39.27,67.38,0.61
35.67,58.05,-0.12,21.04,50.37,6.95
6.22,32.44,12.5,-12.32,12.68,18.35
-25.24,-10,25.79,-47.38,-26.1,31.1
-56.52,-31.34,39.27,-50,-37.01,39.45
-75.85,-42.93,45.55,-95.91,-45.61,49.94
-86.83,-39.57,41.65,-89.08,-25.85,38.17
-91.46,-11.22,35.67,-82.56,0,32.13
-68.54,12.93,26.71,-57.74,21.34,17.38
-56.4,23.96,9.02,-54.27,0.18,5.73
-49.02,-36.89,4.7,-46.1,-66.58,2.5
-48.6,-86.89,-6.04,-51.16,-93.54,-21.22
-52.32,-87.74,-22.44,-51.28,-90.91,-23.66
-59.33,-88.29,-24.82,-49.21,-101.52,-29.88
-29.39,-132.32,-35.61,-15.49,-159.27,-33.05
-17.87,-198.05,-33.54,-15.24,-224.14,-33.84
-14.39,-242.5,-38.11,-17.19,-254.27,-33.96
-16.59,-252.31,-33.72,-13.54,-257.13,-34.94
-8.17,-244.94,-31.65,-11.1,-224.94,-27.07
-6.77,-194.33,-20.49,4.76,-156.95,-9.15
15,-122.93,-24.27,25.85,-97.5,-33.72
36.46,-82.19,-38.17,44.39,-82.5,-36.71
48.96,-91.58,-34.15,52.87,-90.85,-29.69
58.84,-80.43,-26.4,60.97,-76.52,-24.09
58.9,-82.68,-21.52,51.1,-90.43,-18.78
41.4,-95.18,-16.4,37.26,-94.15,-13.72
33.9,-84.21,-10.67,28.35,-67.68,-7.2
22.56,-46.77,-3.48,17.13,-26.89,-0.49
11.34,-12.44,1.52,3.6,-2.32,3.23
-6.83,6.22,5.06,-14.21,14.09,6.22
-19.88,20.18,6.46,-23.6,24.82,6.71
-26.95,28.54,6.22,-28.05,32.74,5.79
-29.63,39.27,4.88,-30.73,46.77,4.33
-31.89,51.65,4.76,-31.89,54.02,5.18
-31.4,57.5,6.46,-29.76,61.58,8.78
-25.91,65.55,12.01,-22.19,71.28,16.22
-18.23,78.41,21.1,-14.51,83.78,25.43
-9.82,85.12,31.34,-4.33,85.55,35.98
1.46,92.32,40.79,4.94,105.67,45.61
8.6,122.38,50.61,14.82,140.91,55.67
25.49,162.07,60.37,37.19,189.82,64.94
45.73,222.25,65.67,61.34,253.35,63.72
80.24,283.35,57.44,103.84,292.8,35.61
128.41,245.67,11.77,146.34,189.33,-0.49
147.86,139.63,-25.49,140.97,126.89,-31.28
152.74,94.21,-24.45,154.45,70,-9.76
131.52,30.49,9.09,84.69,-3.6,16.95
38.29,-16.1,20.91,17.99,-11.83,20
13.72,2.13,17.44,14.51,11.71,14.82
9.7,12.56,12.68,-2.13,10.18,11.65
-17.5,13.48,10.91,-37.19,20.73,8.48
-51.77,23.41,6.59,-47.99,22.62,8.48
-39.57,19.33,8.78,-39.88,13.17,6.89
-40.43,6.28,8.9,-42.56,-1.16,8.6
-41.4,-5.79,7.01,-38.96,-7.56,3.66
-35.79,-7.93,0.12,-33.54,-10.12,-3.29
-32.07,-13.84,-6.22,-32.74,-18.72,-8.54
-31.52,-23.66,-10.79,-34.51,-26.83,-13.11
-33.35,-29.15,-14.39,-29.57,-29.69,-15.37
-27.99,-28.78,-15.91,-23.29,-27.93,-15.18
-16.16,-27.87,-14.21,-7.68,-27.8,-12.93
2.8,-27.01,-12.56,10.73,-24.57,-12.07
14.88,-21.52,-11.28,15.98,-18.6,-10.06
11.59,-16.28,-8.84,1.4,-16.89,-6.89
-9.57,-18.78,-4.51,-17.5,-18.9,-2.38
-21.52,-17.38,-0.43,-23.78,-14.27,1.77
-26.16,-9.63,3.78,-28.66,-3.72,5.91
-29.33,2.99,8.23,-26.52,10.55,10.3
-21.4,19.94,12.26,-15.12,29.51,13.17
-5.43,37.56,13.54,-0.06,41.28,15.43
0.49,39.45,15.98,-1.4,34.09,18.35
-2.87,29.02,20.73,-5.18,25.06,22.19
-6.34,20.91,23.84,-6.89,17.56,24.82
-38.17,11.1,22.68,-39.08,12.07,17.68
-12.07,7.62,16.1,-1.46,2.74,14.69
23.11,-2.93,11.16,47.07,2.26,1.95
63.29,8.11,-8.6,78.72,8.9,-17.07
93.66,13.41,-26.77,101.83,14.39,-33.23
85.3,14.33,-39.57,55.43,15.43,-45.91
37.07,6.59,-47.87,30.67,-17.87,-46.58
23.6,-50.24,-42.07,6.1,-73.54,-38.66
-24.27,-80.85,-38.96,-54.02,-87.26,-37.07
-76.16,-100.91,-33.23,-95,-128.54,-23.54
-106.77,-163.72,-17.87,-100.61,-194.88,-11.83
-72.19,-205.85,-5.12,-58.78,-197.86,-10.37
-69.02,-168.17,-16.65,-69.21,-134.69,-16.34
-60.3,-100.06,-15.73,-44.15,-62.93,-14.27
-24.27,-30.37,-11.1,-13.9,-0.79,-7.87
-20.24,18.78,-3.48,-25.12,27.44,1.22
-21.22,42.74,5.79,-10.43,62.26,9.02
4.51,76.34,11.28,22.19,81.58,12.44
38.29,77.01,12.44,41.1,66.46,11.28
36.04,57.38,10.3,29.33,51.46,9.33
20.3,39.15,9.15,13.54,20,8.05
7.2,7.13,5.49,-6.04,-0.06,2.01
-14.82,-19.57,-3.6,-20.85,-45.61,-10.55
-24.94,-79.57,-18.23,-28.41,-114.51,-24.63
-34.51,-149.21,-25.67,-28.54,-174.94,-25.3
-16.16,-199.94,-27.8,-12.56,-200.06,-29.45
-13.11,-169.75,-27.8,-12.8,-130.18,-23.54
-8.35,-82.8,-14.69,7.26,-36.71,-11.77
26.16,14.57,-13.6,42.8,58.54,-4.21
49.57,71.4,4.21,45.91,58.6,13.11
37.62,45.91,19.69,32.5,46.34,24.82
26.71,67.8,31.1,17.13,101.65,38.05
12.32,145.24,43.05,14.02,201.64,47.19
17.56,252.07,49.76,23.41,223.9,32.74
19.69,90.43,17.87,23.54,-47.62,9.09
6.77,-100.97,7.44,-13.48,-72.56,-0.18
-35.24,-45,-7.26,-36.04,-65.91,-16.4
-31.77,-101.71,-24.33,-53.17,-116.58,-27.87
-49.57,-110.12,-30.98,-27.68,-89.76,-34.51
-17.01,-74.88,-37.62,-13.54,-69.76,-38.48
10.18,-66.95,-35.18,25.43,-67.68,-32.62
22.01,-65.49,-20.55,6.28,-62.99,-2.38
-23.72,-59.82,13.96,-28.29,-10.85,22.93
-17.38,64.76,31.83,-19.39,111.28,40.73
-13.17,98.05,37.07,9.76,101.52,25.91
26.1,163.47,20.06,50.37,233.23,2.93
58.72,243.96,-13.05,17.93,118.35,-10.43
-31.52,-21.52,-26.46,6.95,-23.35,-35.85
42.99,-319.75,-34.76,-45.43,-409.39,-39.02
-92.68,-335.48,-18.54,-61.16,-231.58,-4.57
-50.06,-97.5,-7.01,-39.51,40.91,-1.22
-44.57,102.44,13.17,-49.82,44.51,12.8
-39.88,18.48,-3.29,-24.82,26.4,1.59
-18.11,-2.26,-7.99,2.5,-34.63,-24.15
18.84,-92.86,-35.43,16.04,-189.94,-41.34
20.18,-248.23,-41.83,35.79,-237.13,-41.22
52.99,-194.14,-38.84,58.17,-140.06,-35.37
65.06,-93.05,-33.23,69.88,-50.37,-31.22
68.72,-9.7,-24.27,54.08,11.22,-19.82
28.6,10.3,-13.54,10.43,3.6,-6.65
-4.33,0.06,-0.85,-17.62,9.57,5.55
-34.33,36.46,11.83,-49.51,68.17,18.48
-55.61,75.24,18.96,-59.33,70.49,18.41
-61.65,70,12.93,-64.27,59.39,2.26
-68.96,44.57,2.32,-66.89,42.99,17.26
-33.29,142.99,37.19,-22.8,308.96,71.1
-16.52,134.21,108.96,-37.26,-98.11,88.96
-9.57,-128.47,37.93,45,-165.12,7.8
48.6,-159.82,3.41,40.24,-110.73,-1.4
34.15,-58.84,-6.89,15.06,-26.46,-17.74
-5.3,-8.6,-26.89,-26.04,15.12,-35.12
-47.19,51.04,-39.27,-51.22,92.5,-37.68
-24.45,146.83,-35.12,13.96,185.55,-28.17
35.12,170.85,-0.61,34.02,116.52,19.33
15.79,85.67,26.52,12.99,82.56,40.43
21.77,112.19,70.43,5.98,153.66,112.56
4.51,187.25,138.41,-9.09,249.69,122.19
11.28,189.21,89.63,43.29,76.16,41.1
53.54,29.09,19.27,8.41,86.65,-25.37
-26.65,47.32,-79.33,28.35,-60.24,-61.22
67.44,-113.78,-18.6,53.54,-45.49,0.37
23.41,20.67,-9.51,-5.98,69.88,-21.65
4.02,96.83,-32.87,15.73,124.27,-37.74
13.11,128.29,-40.91,25.49,118.17,-45.06
-4.39,65.24,-51.28,19.45,-29.21,-24.94
75.79,-57.44,-6.95,65.85,-45.73,-15.61
50.61,-19.57,-8.72,29.02,-35.79,-5.67
22.74,-32.19,-3.41,9.94,-29.94,4.7
-4.94,-22.19,8.23,-18.6,1.1,14.82
-44.08,33.05,15.18,-51.22,58.35,10
-39.08,54.51,3.6,-26.46,27.62,3.96
-46.1,-20.79,3.11,-56.71,-49.21,-0.18
-50.37,-32.32,-2.74,-25.24,3.54,-0.85
-35.18,-25,4.7,-108.66,-120.12,1.46
-91.34,-101.1,-1.46,63.41,-32.62,2.74
128.23,107.68,7.62,119.75,181.28,4.63
98.84,153.72,-0.49,92.56,78.9,-3.23
76.77,-3.11,0.79,56.16,-55.55,0.67
20.3,-54.63,5.06,1.83,-20.67,2.44
1.22,22.13,-0.98,-7.44,50,-4.33
-23.6,30.98,-3.48,-54.94,-89.94,-0.06
-74.69,-182.5,3.17,-57.44,-102.68,0.24
-11.28,14.82,-1.52,22.44,101.89,-7.13
43.66,105.36,-14.63,46.4,42.68,-17.13
6.1,-25.37,-3.11,-54.15,-39.02,-1.04
-57.07,-23.6,-3.96,-39.27,-11.1,-5
-12.07,0.43,-5,13.35,12.01,-1.95
24.69,21.4,2.56,18.29,16.4,5.73
-6.04,-24.39,7.93,-41.04,-86.16,9.88
-63.84,-79.76,4.82,-50.67,-37.26,1.71
-10.37,7.44,-3.11,19.33,9.33,-6.65
6.59,-14.33,-7.13,-9.82,-32.5,-5.55
-14.69,-35.98,-5.85,-7.07,-28.66,-5.67
4.88,-28.54,-5.61,10.49,-35.12,-6.16
9.51,-43.41,-7.01,8.35,-49.57,-7.62
5.37,-50.79,-7.38,-2.07,-44.33,-5.55
-7.38,-39.82,-4.02,-5.43,-41.65,-5.24
-0.85,-46.16,-5.79,-9.94,-44.08,-5.12
-23.66,-40.18,-3.9,-33.66,-31.83,-4.7
-38.72,-17.07,-4.27,-41.22,-0.85,-3.29
-39.94,14.88,-1.89,-34.69,27.44,-1.77
-31.34,28.48,-1.16,-28.96,18.48,-0.18
-25.49,8.72,0.43,-19.88,7.74,0.79
-12.62,9.57,0.79,-7.07,4.76,-0.37
-6.4,-9.57,-1.83,-8.9,-23.23,-3.41
-12.01,-27.68,-4.82,-20.3,-22.93,-5.79
-26.22,-9.27,-5.91,-34.51,7.07,-3.6
-37.5,18.78,-2.99,-35.24,20.61,-4.09
-26.59,8.54,-6.46,-20.61,-19.02,-13.84
-15.49,-62.01,-16.71,-20.3,-65.37,-11.16
-25.43,-47.74,-10.12,-29.45,-14.69,-8.78
-27.01,1.52,-10.18,-10.3,11.1,-9.76
28.78,10.3,-5.12,53.78,2.8,5.73
71.83,5.49,22.99,59.45,24.39,35.49
65.37,31.59,25.43,90.3,3.23,6.89
84.76,-23.05,6.34,54.88,-30,3.29
49.21,-15.98,3.17,61.1,14.63,10.06
57.8,51.95,17.74,33.54,98.66,15.55
-29.69,106.22,-2.07,-56.89,69.69,-4.39
-45.61,34.76,-3.72,-70.3,2.26,-7.62
-61.52,-132.38,-2.62,-46.04,-218.17,-9.57
-28.11,-186.1,-14.27,-30.73,-101.77,-10.67
-48.11,-6.34,-11.16,-55.43,59.94,-12.13
-29.21,94.63,-7.99,-19.45,91.65,0.73
-31.34,48.9,3.23,-26.83,31.34,0.06
-18.48,-4.39,-9.02,-10.91,-26.4,-1.46
-2.38,-30.12,1.4,5.12,-24.02,7.13
-0.98,3.54,7.5,-10.24,28.48,3.96
-17.19,46.16,-1.04,-9.76,28.6,-4.63
0.43,-10.24,-6.83,5.49,-34.02,-6.28
8.54,-39.02,-1.22,30.98,-35.3,16.34
62.38,-49.88,2.62,66.65,-43.23,-2.07
55.79,-61.65,-2.44,50.12,-77.26,-5.06
80.06,-90.24,-8.78,96.95,-76.22,-4.63
84.82,-59.94,-6.59,64.02,-54.39,0.12
50.37,-37.38,5.06,43.96,-23.66,15
43.05,-7.99,25.61,5.73,25.73,19.63
-43.72,54.51,13.11,-62.38,37.68,3.84
-59.08,2.2,-7.5,-52.07,13.54,-10.98
-76.16,59.94,0.79,-79.15,76.46,7.5
-96.4,158.17,22.62,-102.93,226.1,49.69
-56.83,170.36,35.49,-27.5,70.18,-17.93
-8.23,-45.79,-19.21,66.89,-248.78,-19.82
63.05,-293.59,-32.93,61.95,-174.63,-41.65
72.93,-83.41,-27.62,91.46,-54.27,-6.1
110.24,-25.24,15.55,111.04,-7.38,4.94
92.5,-76.16,-7.38,37.13,-153.66,-15.85
-30.43,-137.13,-15.98,-50.24,-63.35,-9.09
-57.87,86.28,29.76,-97.8,242.25,107.01
-79.51,414.14,181.34,-82.68,450.3,193.29
-37.32,185.49,44.15,0.79,-91.28,-78.35
18.96,-250.12,-134.94,86.52,-300.48,-66.1
82.68,-190,-46.65,-35.06,-109.27,-50.3
-51.77,-90.85,-53.54,29.45,-36.89,-47.8
74.15,7.56,9.33,71.83,18.9,32.93
-24.45,-25,-0.55,-49.27,-91.22,-21.71
-39.08,-103.17,-23.17,-46.83,-36.59,-11.77
-32.13,69.57,-0.24,-53.35,155.91,51.83
-72.19,219.45,95.06,-50.73,186.64,64.57
-9.63,117.19,2.74,70.85,-45.37,-16.1
153.23,-219.69,-10.37,82.07,-180.24,-15.37
50.85,-82.07,-12.13,81.77,-38.11,4.63
114.57,-32.93,13.6,97.32,-46.65,-17.07
85.43,-143.84,-22.74,19.76,-185.79,-33.48
-35.18,-173.11,-36.65,-43.48,-112.56,-40.18
-47.01,-14.15,-31.28,-80.12,66.1,-21.22
-147.44,135.18,-10.06,-233.84,236.89,26.77
-154.57,323.05,44.63,-55.85,351.46,-0.55
71.65,97.32,-9.09,88.78,-118.96,0
107.93,-150.55,3.17,60.06,-108.72,9.82
72.5,-102.07,10.61,73.6,-104.02,1.4
44.94,-99.33,-4.57,61.46,-80.3,-10.49
91.04,-87.74,-29.09,48.29,-114.08,-42.5
9.21,-78.9,-35.24,-40.61,-17.68,-14.88
-88.23,40.49,-2.74,-119.82,96.4,13.05
-131.16,162.01,23.11,-96.34,227.13,28.9
-62.93,224.14,25.24,-15.79,95.55,10.49
15.61,-6.71,7.13,23.29,-55.43,8.29
19.39,-70.43,1.16,28.48,-68.9,-4.63
23.23,-67.56,-8.29,20,-73.72,-10.91
18.05,-68.05,-12.56,20.61,-50.98,-12.13
28.54,-34.57,-13.48,23.72,-23.48,-11.34
9.02,-21.65,-9.15,-6.04,-18.48,-8.54
-17.26,-6.22,-5.37,-23.9,7.68,-3.35
-25.12,14.94,-2.74,-20,15.43,-2.93
-14.45,11.4,-3.11,-8.96,-0.43,-4.15
-4.33,-10.18,-4.7,0.18,-15.67,-4.7
5.18,-17.01,-4.33,10.67,-18.9,-2.62
13.9,-24.76,-0.79,17.56,-27.38,0.06
19.51,-28.6,0.49,22.19,-27.26,0.49
21.65,-21.34,1.1,20.67,-11.28,2.44
15.06,-1.34,3.96,10.18,6.65,4.51
4.82,11.46,4.39,0.73,11.89,3.78
-1.28,9.63,2.68,-2.74,6.4,1.28
-4.15,1.04,-0.49,-4.63,-1.16,-2.01
-5.73,-1.4,-3.05,-8.23,-2.2,-3.54
-6.83,-6.34,-4.63,-2.68,-12.07,-5.61
0.85,-15.79,-5.98,3.66,-18.78,-6.04
5.37,-17.38,-5.43,4.27,-12.38,-3.35
1.89,-6.52,-1.22,-4.15,-10.18,-0.73
-12.19,-6.52,-0.91,-17.26,-0.49,-2.56
-18.41,17.44,-3.11,-20.85,24.76,-2.44
-29.63,23.78,-1.83,-32.56,28.66,-2.5
-30.3,33.84,-1.83,-31.1,40.37,-0.49
-30.37,44.15,1.34,-32.44,46.4,4.39
-33.54,47.38,6.59,-30.12,50.24,7.5
-26.46,55.49,7.32,-26.04,62.56,7.87
-18.84,62.44,6.16,-10.24,62.56,5.79
-3.17,60.85,6.22,-1.77,52.07,7.62
-2.26,47.44,8.66,-1.46,46.58,9.39
-2.44,50.55,10.67,-2.13,66.65,12.32
5.73,82.99,14.94,20.3,98.23,18.17
37.8,113.35,20.49,54.57,112.19,20.73
69.27,100.97,16.22,97.68,82.01,5.12
116.95,43.96,-3.72,115.97,14.88,-11.22
56.04,-12.62,2.5,27.87,-28.66,0.12
12.87,-34.88,-4.45,3.96,-38.72,-8.48
-7.38,-41.65,-11.46,-20.98,-45.61,-14.82
-39.69,-45.24,-14.82,-50.79,-45.37,-13.9
-52.01,-51.71,-13.29,-40.55,-66.28,-12.26
-25,-91.1,-12.38,-20.37,-109.88,-12.56
-17.62,-107.19,-13.23,-4.33,-81.58,-14.02
5.06,-56.77,-13.29,7.74,-45.24,-12.26
9.33,-45.61,-11.22,11.4,-47.99,-9.76
12.68,-49.02,-8.41,12.93,-48.9,-6.28
11.34,-43.9,-4.27,9.76,-35.55,-2.62
7.44,-27.8,-1.16,7.8,-20.49,-0.67
1.95,-5.12,0.12,-1.04,10.91,2.87
-6.34,28.05,4.57,-8.9,39.45,5.49
-13.17,43.11,5.79,-20.06,42.13,5
-24.15,41.22,4.33,-26.04,37.44,4.02
-28.35,28.35,1.59,-24.15,14.15,-2.01
-19.21,5.18,-3.9,-21.65,-6.52,-5.12
-20.98,-16.1,-5.98,-20.73,-19.94,-5.79
-20.91,-14.51,-5.49,-21.16,-3.35,-4.51
-19.45,8.41,-3.17,-17.26,15.3,-1.95
-16.16,17.62,-0.55,-11.4,17.32,0.79
-6.22,17.32,1.71,0.67,20.37,2.44
5.55,18.54,3.6,11.89,12.62,3.66
18.72,8.66,4.21,22.99,9.33,4.39
25.79,12.07,4.57,26.95,11.83,4.94
25.91,9.51,5,22.44,6.83,4.02
17.32,0.49,2.8,14.02,-2.8,0.85
5.98,-10.43,-1.52,1.65,-24.76,-3.6
-1.83,-37.56,-5.55,-7.99,-42.38,-7.32
-11.65,-38.48,-8.29,-12.68,-31.04,-8.96
-13.84,-23.48,-8.35,-15.67,-19.39,-6.77
-15.06,-19.88,-5.49,-6.22,-27.01,-4.94
4.02,-37.56,-5.85,10.91,-49.08,-7.56
17.93,-66.1,-10.18,18.78,-84.88,-12.74
20.98,-98.11,-13.84,27.99,-98.41,-16.1
23.05,-93.23,-16.04,12.26,-83.05,-15.24
12.68,-70.12,-15.61,7.62,-51.4,-15.49
1.71,-35,-15.24,-1.95,-22.19,-13.17
-2.01,-14.33,-10.98,0.79,-10.79,-9.09
2.32,-9.82,-6.34,4.76,-10.06,-3.6
5.06,-12.68,-0.79,4.76,-12.8,1.52
8.11,-10.98,2.87,6.34,-4.15,4.57
6.04,5.98,6.46,1.65,19.57,8.48
-3.96,32.13,10.49,-8.66,44.45,12.38
-10.12,54.88,13.17,-10.49,64.82,14.02
-10.18,74.15,15.55,-7.93,82.93,17.19
-2.5,92.13,18.78,7.26,100.67,21.16
14.82,110.06,23.41,22.8,120.79,25.55
26.28,133.17,27.56,33.78,140.49,29.69
50.49,138.84,27.8,62.74,131.65,23.05
74.88,117.07,16.52,87.07,97.86,12.07
81.95,72.13,6.1,68.29,51.95,3.72
51.95,22.99,-2.01,33.29,10.49,-6.59
14.39,8.41,-5.18,3.66,14.39,2.93
-12.87,12.8,2.56,-34.69,7.99,2.62
-42.32,5.61,2.38,-47.26,6.04,5
-40.73,3.72,5.43,-35.55,-0.73,5.18
-33.11,-5.06,4.63,-30.43,-4.88,3.9
-28.41,-1.22,3.72,-24.82,-1.22,2.32
-20.61,-7.13,0.98,-20.12,-16.89,-0.24
-21.1,-25.37,-0.85,-18.78,-28.48,-2.07
-17.26,-28.78,-3.29,-17.07,-33.6,-4.82
-19.02,-43.72,-6.65,-25.55,-56.52,-8.35
-28.78,-75.24,-10.55,-28.84,-96.1,-14.27
-29.69,-119.45,-18.41,-27.87,-141.34,-22.26
-25.12,-153.66,-25.79,-15.61,-158.6,-28.54
-6.4,-162.25,-32.68,7.38,-160.73,-36.28
10.79,-163.6,-39.57,14.82,-162.19,-38.54
23.29,-153.66,-37.62,35.55,-138.72,-35.49
42.38,-119.27,-34.33,46.04,-99.88,-33.6
45.67,-81.77,-30.06,42.74,-63.96,-24.82
35.43,-42.44,-22.13,23.05,-22.26,-16.71
4.51,-4.57,-11.04,-15.79,10.06,-5
-27.38,17.93,-1.65,-32.01,22.62,1.28
-35.73,30,4.15,-39.33,38.54,7.93
-39.27,42.87,11.28,-35.55,45,13.9
-30.43,53.78,16.28,-21.59,62.19,22.13
-15.67,52.56,21.83,-8.17,46.16,19.39
-5.06,42.01,15.98,-3.6,29.15,12.93
-3.9,20.49,8.48,-0.18,18.11,4.45
1.16,17.19,0.73,3.17,6.95,-1.59
1.89,-0.79,-3.05,6.95,-4.82,-3.54
14.57,-1.89,-2.38,23.54,5.61,-0.85
27.01,13.41,6.22,27.56,22.5,12.99
26.4,40.49,22.62,28.84,70.06,32.13
30.3,110.18,39.45,23.78,140.43,45.24
18.72,164.82,49.33,19.45,195.18,49.15
29.82,211.58,41.89,40.79,195.79,36.4
37.5,148.78,29.57,37.32,85.55,27.87
30.91,41.83,27.5,12.56,25,16.52
1.77,42.01,14.09,4.94,57.56,20.73
11.95,80.67,28.23,25.12,111.89,21.77
41.34,130.73,10.85,30.24,120.85,-9.21
-43.66,96.16,-27.68,-41.95,69.15,-27.32
-35,30.98,-3.29,-31.4,4.82,2.93
-28.9,1.46,2.8,-12.93,4.51,-0.85
1.95,10.3,-7.38,7.62,7.74,-8.6
12.74,-0.85,-6.95,17.01,-6.28,-6.22
13.54,-10.18,-6.59,9.76,-12.99,-6.83
2.74,-16.4,-7.38,-4.51,-18.23,-7.87
-11.52,-19.63,-7.74,-16.04,-18.72,-7.68
-20,-17.07,-7.44,-22.13,-17.32,-6.28
-24.09,-19.69,-5,-25.67,-22.93,-3.84
-24.82,-24.57,-2.2,-22.26,-22.13,-1.46
-17.19,-17.5,-0.3,-10,-10.49,0.61
-1.04,-1.22,0.91,5.85,6.83,0.61
12.38,12.44,0.24,20.79,18.48,-0.49
27.32,24.33,-1.65,31.95,26.52,-2.38
32.38,27.26,-1.65,28.66,27.38,-0.37
23.05,29.39,0.79,17.62,31.89,2.38
11.16,34.15,4.39,-0.43,36.16,7.44
-9.76,37.74,10,-17.13,42.68,12.62
-27.56,49.94,15.73,-32.01,53.35,17.99
-38.84,54.76,23.11,-54.33,66.83,25.12
-60.3,69.15,30.61,-86.34,77.93,43.11
-109.94,92.32,53.05,-82.87,99.88,40.12
-36.89,80.37,35.85,-1.04,36.1,50.85
52.87,-31.16,43.48,35.49,-79.02,47.01
57.13,-64.51,26.1,72.56,-40.55,2.99
89.39,-22.13,-19.94,105.24,-5.73,-41.16
116.34,13.17,-62.26,118.47,35.43,-83.9
114.63,55.06,-93.35,86.34,63.9,-100.91
56.52,41.58,-93.35,37.62,0.3,-78.9
24.51,-32.26,-62.5,10.98,-47.99,-49.76
5.79,-43.66,-41.89,4.82,-27.93,-38.29
-5.49,-6.71,-32.74,-21.71,-1.22,-20.12
-40.91,-14.57,-7.32,-63.6,-28.41,3.66
-85.24,-49.88,16.83,-82.44,-75.61,28.29
-73.11,-94.15,36.4,-76.46,-91.1,38.29
-84.82,-66.1,45.98,-97.62,-43.35,45.55
-116.28,-28.9,47.5,-113.29,-19.45,40
-92.86,-10.43,28.29,-61.22,-7.13,22.38
-31.59,5.98,17.26,-16.59,18.17,23.66
-22.5,42.99,24.27,-31.28,59.82,19.63
-37.8,56.77,18.66,-34.94,40.43,21.65
-16.46,24.45,25.37,-18.54,17.44,25.67
14.69,20.18,17.62,62.26,21.95,3.17
90.97,1.71,-0.06,108.84,-28.66,-13.6
120.61,-55,-27.68,126.52,-52.44,-46.89
106.28,-1.83,-50.37,89.82,62.19,-56.65
65.61,107.56,-68.17,35.3,103.54,-62.56
5.55,65.06,-44.69,-14.15,5.98,-22.8
7.26,-55.18,-5.12,36.52,-125.91,3.23
41.46,-156.95,-10.18,20.67,-89.08,-60.97
-97.38,-47.5,-97.74,-106.89,-83.23,-42.62
-84.94,-122.44,19.94,-59.88,-130.79,15.85
-41.77,-68.23,1.89,-13.9,-19.69,6.77
-10.73,-33.78,7.07,-17.13,-41.71,8.84
-30.61,-36.65,8.23,-21.46,-19.57,8.54
17.26,16.65,15,179.75,84.27,30.91
289.33,166.34,20.85,122.13,101.89,-8.9
72.26,-34.21,-2.99,37.38,-35.85,-27.99
25.12,-1.95,-22.8,60.85,147.86,9.15
27.8,207.38,11.04,-74.02,134.39,34.21
-102.62,39.33,44.15,-31.34,-60.49,20.18
-28.23,-85.61,22.5,-46.46,-138.29,25.49
-128.47,-130.61,-1.59,-199.51,-36.46,12.38
-96.34,-54.82,20.73,-46.04,-41.77,12.01
-58.48,-29.21,-5.91,-110.36,-143.66,-0.06
-96.58,-169.82,-8.48,-4.82,-145.97,-6.83
41.58,-46.1,3.35,78.47,71.77,15.61
101.95,176.95,25.98,144.51,150.73,-12.74
146.89,64.15,-48.48,141.64,-58.54,-40.73
115.91,-95.3,-16.59,73.17,-86.1,-32.62
10.18,92.99,6.1,-33.72,157.68,12.74
-91.16,157.56,13.66,-51.16,54.82,4.45
2.44,-48.54,7.32,60.91,-129.21,17.07
28.72,-133.72,-10.85,-108.66,-83.05,-16.22
-128.66,-19.76,3.96,-116.95,34.15,18.72
-78.96,7.68,12.74,-86.71,-31.95,8.72
-100.79,-82.26,12.19,-90.67,-85.49,11.65
-38.84,-65.61,12.93,-1.83,6.4,12.74
40.79,51.1,15.49,125.36,104.39,5.61
163.41,101.28,-20.43,159.21,-13.41,-18.72
118.72,-85,-27.93,72.56,-82.8,-41.58
37.38,-9.57,-15.91,29.27,117.86,-2.01
24.02,229.08,2.26,-22.56,255.73,15.67
-21.46,211.16,14.57,41.58,110.85,15.91
97.5,-40.24,-18.29,-1.04,-161.64,-6.34
-80.3,-220.3,27.56,-92.74,-224.57,25.18
-134.57,-199.27,11.95,-124.51,-195.91,10.18
-83.78,-187.62,-17.68,-68.05,-31.4,-12.32
-42.68,124.08,-26.4,-18.29,181.46,-0.61
-7.44,187.56,13.35,18.29,161.58,16.34
42.87,113.66,-4.33,67.74,17.74,-15.12
71.58,-43.48,-14.69,63.05,-59.02,-9.88
40.67,-26.95,2.44,23.6,-22.19,0.37
2.38,4.21,0.55,2.01,24.27,-5
1.22,22.19,-3.54,-15.67,2.5,-1.34
-27.8,-15.06,3.41,-36.95,-34.39,6.34
-44.21,-38.17,6.1,-50.43,-35,6.22
-53.9,-33.29,7.13,-53.6,-31.34,8.72
-47.5,-24.69,9.33,-37.74,-13.48,8.48
-26.4,-5.18,6.71,-18.9,-1.22,6.1
-16.1,-2.13,6.89,-12.93,0,6.89
-3.54,5,5.18,11.52,10.43,2.62
22.44,12.93,-0.49,38.29,10.06,-3.41
47.99,4.57,-6.95,49.33,-5.12,-9.94
45.43,-20.3,-11.95,38.05,-36.71,-14.76
30.06,-49.08,-19.15,23.29,-62.19,-22.26
17.5,-76.83,-23.9,11.65,-94.94,-25.18
5.61,-114.51,-26.28,-2.44,-134.02,-25.73
0,-150.79,-23.78,2.56,-161.58,-22.68
5.43,-165.43,-20.12,9.33,-172.01,-17.01
7.26,-177.99,-13.11,-8.54,-183.11,-17.38
-16.77,-183.53,-17.44,-25.85,-179.94,-15.73
-31.95,-162.68,-16.22,-38.54,-138.11,-19.51
-31.95,-93.41,-13.96,-19.51,-53.72,-18.54
-9.57,-32.13,-27.26,-7.07,-40.79,-32.68
-9.88,-62.56,-32.99,-12.87,-77.8,-31.52
-10.67,-80.61,-30.12,-6.95,-79.39,-29.39
-3.9,-80.18,-29.02,-2.01,-80.61,-28.9
-1.83,-75.67,-28.11,-2.01,-66.16,-26.77
-3.11,-55,-25.18,-4.27,-46.71,-24.33
-3.9,-40.12,-23.41,-6.1,-34.15,-22.26
-5.85,-32.5,-20.79,-3.66,-29.82,-20.61
-1.95,-20.43,-17.93,-0.3,-15.24,-16.4
-0.06,-12.5,-14.63,-1.95,-8.96,-12.07
-3.29,-6.22,-8.66,-1.46,-7.44,-5.73
1.34,-11.59,-2.8,3.96,-17.44,-0.3
7.26,-22.56,1.77,9.94,-28.6,3.17
9.88,-32.38,4.15,13.78,-34.69,4.02
16.22,-35.18,3.48,15.43,-35.91,2.8
14.63,-34.21,2.2,12.87,-30.43,1.52
11.52,-24.33,0.85,9.82,-16.46,0.91
9.63,-11.65,1.1,9.39,-7.56,1.28
7.5,-5.06,1.89,7.01,-5.91,2.26
6.28,-8.72,2.87,6.4,-12.13,3.17
5.43,-12.74,3.23,4.09,-10.98,2.62
0.61,-8.35,1.71,-4.15,-2.13,0.3
-9.88,8.84,-1.4,-15.06,18.6,-3.96
-19.94,26.83,-7.01,-26.71,28.78,-8.11
-27.68,20.37,-10.18,-26.46,14.27,-11.16
-23.29,10.3,-12.44,-22.68,9.09,-14.63
-25.37,10.43,-17.99,-28.84,14.82,-20.37
-32.68,21.95,-23.17,-36.89,30.61,-25.85
-40.12,36.34,-28.48,-40.98,38.29,-31.59
-36.83,31.28,-33.96,-26.4,17.68,-35.55
-6.4,3.48,-35.61,14.63,-9.63,-34.33
34.94,-21.95,-32.68,54.45,-31.83,-30.3
63.23,-43.23,-25.91,68.6,-56.52,-21.4
69.69,-74.21,-14.63,66.28,-97.86,-8.11
56.83,-118.66,-3.29,41.28,-131.46,1.46
20.18,-130.55,7.99,12.93,-115,13.54
15.98,-84.63,19.57,14.88,-45.18,25
7.26,-6.71,31.52,-10,23.41,37.68
-28.48,44.08,43.29,-38.48,56.77,46.1
-43.11,61.65,42.26,-44.33,62.32,34.15
-38.17,62.38,29.57,-29.51,57.19,27.07
-25.12,54.02,22.44,-17.74,52.68,17.8
-10.85,49.39,14.45,-5.3,37.99,12.01
-3.72,20.61,9.15,-2.26,0.98,5.3
1.04,-14.88,1.77,3.72,-22.07,-1.22
6.4,-22.19,-3.72,6.95,-18.17,-5.91
4.15,-13.17,-8.05,0.24,-7.62,-10.37
-4.76,-2.01,-12.01,-11.89,2.68,-14.21
-17.38,6.04,-16.52,-21.52,9.02,-19.63
-26.4,12.56,-22.87,-30.98,15.12,-25.98
-35,16.4,-28.96,-37.68,19.63,-31.95
-40.24,20.3,-35.91,-43.66,20.49,-40.61
-48.72,18.29,-45.24,-51.28,17.8,-50.85
-55.24,20.61,-55.24,-57.99,28.48,-60.3
-62.38,39.88,-63.6,-66.65,49.82,-66.46
-70.06,56.22,-69.63,-73.29,65.18,-72.93
-74.51,68.11,-75.79,-78.47,66.95,-78.11
-80.67,65.37,-80.43,-79.33,61.95,-81.4
-72.74,56.1,-80.37,-60.97,51.65,-74.27
-50.79,46.28,-64.51,-31.34,45.61,-50.61
-10.06,41.65,-36.71,10.91,34.94,-17.87
16.28,19.27,3.23,34.33,23.41,26.71
39.88,26.83,49.39,47.56,42.5,76.71
49.82,48.35,102.32,71.83,46.71,120.67
88.23,36.52,141.71,98.6,27.32,159.27
125.12,30.73,187.44,155.61,16.04,201.58
173.29,-2.13,187.19,183.78,-16.4,143.78
166.34,-87.13,123.05,164.21,-109.39,126.34
213.41,-37.56,123.54,242.68,30.79,116.34
192.8,46.4,102.32,158.17,19.51,84.94
138.11,-25.3,70.24,126.52,-93.96,52.07
104.45,-161.52,24.09,61.28,-205.24,1.65
27.01,-223.05,-12.32,2.56,-205.91,-21.59
-6.4,-142.86,-38.17,-28.35,-84.39,-37.8
-38.05,-17.26,-52.74,-37.74,31.77,-42.68
-55.3,81.16,-59.15,-88.17,119.88,-75
-131.1,156.22,-90.06,-167.44,193.23,-103.41
-197.92,212.62,-105.97,-209.63,176.46,-99.45
-143.23,66.1,-95.24,-105.36,1.83,-103.66
-122.86,-7.07,-104.08,-142.62,-6.22,-99.21
-142.5,-48.41,-107.68,-93.47,-187.99,-140.12
-90.61,-75.79,-89.27,-36.71,22.13,-128.29
-10.3,25,-73.47,-29.02,-21.52,-94.27
-22.99,-23.96,-114.15,1.1,-2.26,-81.4
19.51,8.96,-45.43,32.32,33.48,-14.51
46.04,73.11,22.74,47.62,66.71,46.83
56.46,9.7,68.41,83.66,-43.84,79.02
93.6,-114.21,85.91,105.61,-197.38,93.47
103.05,-277.74,102.19,54.63,-319.69,88.47
29.69,-297.25,84.51,53.6,-262.38,76.28
93.17,-206.52,66.1,83.66,-110.97,72.99
46.04,-16.83,88.96,2.26,60.49,90.97
-28.35,115.55,71.71,-43.84,146.4,64.21
-50.49,171.28,65.73,-58.54,196.83,40.98
-59.33,211.89,12.68,-53.72,202.74,7.01
-46.1,172.74,2.07,-46.22,122.5,-11.59
-56.16,109.57,-4.76,-51.95,97.86,-8.23
-45.24,55,-20.43,-48.78,1.65,-34.09
-51.83,-28.84,-42.99,-48.35,-45.3,-49.45
-51.28,-47.93,-54.57,-46.95,-36.95,-61.34
-47.44,-38.6,-68.11,-35.12,-50.24,-70.73
-16.77,-41.71,-68.6,-3.84,-18.11,-69.08
1.83,-8.6,-66.16,14.88,-17.07,-62.74
32.62,-32.93,-55.12,39.76,-49.02,-49.94
42.74,-63.6,-35.61,43.05,-83.11,-20.37
44.88,-96.34,-10.18,45.37,-98.78,-0.24
38.9,-87.93,6.04,34.76,-72.62,10.98
29.82,-57.74,15.91,24.88,-39.88,20.3
16.83,-19.33,25.55,7.32,4.51,31.46
-0.06,30.24,37.87,-5.3,52.56,44.33
-6.4,77.62,52.93,-5.85,108.23,63.05
-1.71,137.25,72.32,4.21,156.04,82.26
9.09,162.74,88.35,10.06,149.94,88.66
9.94,138.23,90.12,13.54,155.97,94.15
10.73,166.83,101.46,10.3,223.23,99.57
1.59,292.86,99.27,14.76,362.74,82.8
45.98,406.89,57.8,55.79,376.46,25.55
30.24,264.39,-4.57,42.13,144.02,-30.85
58.78,85.24,-38.35,71.04,55.24,-49.33
72.87,53.48,-57.68,75.49,67.19,-59.88
67.8,45.55,-48.66,61.22,1.1,-38.35
37.56,-61.4,10.12,-16.4,-100.85,28.35
-59.21,-92.07,26.95,-78.84,-45.98,13.54
-79.82,-2.38,-2.93,-64.08,25,-10
-45.98,43.78,-12.32,-39.57,57.62,-12.87
-42.99,47.87,-12.8,-41.95,9.39,-16.16
-35.18,-39.63,-18.84,-19.33,-89.33,-16.65
-12.32,-121.52,-20.37,-5.73,-145.36,-23.66
-16.28,-140.79,-27.56,-40.85,-124.82,-26.95
-40.67,-107.44,-21.83,-25.43,-90.67,-8.35
1.59,-66.89,-0.49,10.43,-43.54,-2.2
6.16,-15,-0.67,-12.87,7.01,2.87
-29.15,27.99,6.04,-31.34,47.19,9.94
-23.6,57.5,11.04,-9.82,50.49,7.32
16.04,22.8,3.72,34.76,-26.65,0.49
43.11,-80.43,-2.13,23.72,-114.08,-12.68
1.59,-156.1,-26.4,-18.66,-209.02,-37.26
-39.88,-257.5,-42.19,-45.49,-272.74,-37.68
-29.82,-272.44,-34.27,-0.37,-282.13,-20.18
7.26,-288.84,-32.5,-2.8,-329.14,-49.08
11.1,-363.78,-63.05,69.88,-278.11,-67.5
138.6,-34.27,-59.27,163.29,60.12,-49.94
147.38,44.69,-52.74,83.66,16.89,-59.69
46.77,-8.96,-52.68,39.82,-35.91,-43.17
25.49,-65.24,-32.87,18.23,-88.54,-22.62
15,-88.47,-15.61,0.43,-51.58,-10
-20.37,9.45,-2.07,-43.05,48.29,3.41
-53.84,47.07,7.68,-62.26,36.34,14.94
-67.19,14.76,24.27,-71.04,-7.5,32.62
-64.27,-16.34,40.67,-57.62,-16.04,38.48
-57.5,0.55,29.63,-49.33,27.5,34.27
-43.6,45.98,37.19,-37.19,46.52,32.74
-29.88,50.55,28.54,-21.4,53.66,25.67
-15.24,51.65,22.44,-12.13,41.71,17.5
-10.55,29.21,10.06,-9.94,23.72,4.76
-10.61,23.72,0.79,-10.12,24.63,-2.68
-9.7,21.22,-5.85,-9.82,14.76,-8.54
-10,8.05,-10.67,-9.51,4.33,-12.56
-8.41,2.44,-13.41,-7.44,0.49,-13.72
-6.46,-1.34,-13.96,-5.49,-3.17,-13.72
-4.82,-4.21,-12.8,-3.84,-4.27,-11.77
-2.5,-2.62,-10.18,-2.01,0.06,-8.54
-2.13,3.9,-6.16,-2.8,8.48,-3.72
-4.51,13.35,-0.85,-6.59,16.95,2.07
-9.45,20.18,4.27,-10.98,23.23,6.4
-9.51,28.29,7.68,-11.89,32.74,8.29
-12.74,34.57,8.6,-13.17,34.82,8.41
-12.74,34.27,7.8,-12.07,33.17,6.83
-12.19,31.1,5.55,-11.1,28.29,4.57
-8.41,23.96,3.05,0.37,20,2.32
5.3,17.32,2.13,8.54,12.07,4.39
12.01,11.16,8.96,20.49,16.52,15
28.41,28.41,21.89,26.83,45.67,31.52
32.19,65.18,35.91,18.48,80.24,41.4
16.83,84.88,45.43,17.38,91.58,50.24
21.95,99.27,52.68,28.66,99.08,52.01
41.83,67.5,48.72,41.71,12.32,37.93
45.91,-34.76,25.73,61.28,-72.13,11.95
71.95,-114.88,-2.26,58.84,-157.86,-12.74
43.9,-166.28,-19.09,41.1,-188.84,-24.76
20.85,-225.79,-40.98,9.88,-251.52,-59.82
21.34,-241.95,-74.45,40,-205,-84.94
48.48,-159.94,-88.96,49.82,-112.74,-88.78
49.57,-61.65,-84.51,57.38,-9.57,-82.99
61.65,26.71,-84.57,59.33,37.19,-83.11
46.71,26.59,-72.19,34.15,16.34,-68.66
17.32,-15.18,-64.33,8.48,-57.68,-53.96
3.78,-91.22,-41.22,10.91,-80.85,-27.26
13.05,-20.49,-8.05,15.85,40.24,12.87
-23.11,48.35,26.77,-58.23,14.09,29.27
-24.27,73.72,42.93,-37.26,101.58,49.02
-72.8,102.13,64.02,-101.16,71.77,98.29
-52.5,9.94,128.35,26.16,-113.11,97.44
20.91,-177.01,54.33,-5.61,-105.06,53.23
-3.96,-75.49,56.22,16.95,-79.33,58.6
28.9,-48.05,57.07,11.28,-3.11,53.9
-3.78,23.41,34.88,-4.57,27.13,5.79
-21.28,41.4,-11.34,-41.95,79.02,-23.35
-63.35,121.95,-28.72,-74.39,146.04,-34.51
-69.94,137.99,-44.57,-65.91,121.52,-49.45
-65,94.02,-51.52,-69.21,64.02,-54.02
-74.02,42.38,-58.9,-74.63,35.98,-63.96
-67.5,19.82,-69.21,-61.58,7.87,-68.66
-54.21,12.8,-66.4,-52.56,34.15,-63.78
-53.23,45.85,-62.93,-60.49,47.38,-63.9
-72.26,50.18,-67.26,-82.93,56.22,-71.95
-79.27,65.73,-68.05,-51.22,65.43,-63.84
-2.8,46.4,-56.1,54.39,13.9,-43.17
101.1,-22.68,-27.74,170,7.13,-0.73
279.57,192.25,77.68,344.33,231.03,86.1
311.95,3.05,65.67,160.49,-222.8,75.49
137.99,-414.2,65.55,85.18,-598.53,29.45
-103.66,-727.98,22.93,18.11,-667.19,21.59
27.38,-542.01,17.07,-89.45,-148.84,68.47
43.72,113.66,127.74,77.8,158.66,51.71
32.8,226.22,-42.07,-133.96,342.62,-56.58
-427.56,476.64,-35.49,-445.73,640.79,140.49
-165.3,637.25,233.41,-21.04,258.59,164.88
-217.31,94.21,-29.88,-210.18,-8.17,-49.39
-137.19,3.72,-45.12,-61.46,43.23,-49.15
-37.74,44.82,-61.89,-30.79,6.22,-67.44
12.99,-63.29,-79.82,64.82,-148.66,-85.3
125.79,-237.44,-108.41,248.35,-203.84,-112.74
313.35,-194.45,-38.17,205.61,-224.08,-43.6
228.72,-183.9,-23.54,149.75,-152.56,54.33
141.16,-41.58,102.13,189.21,-211.58,45.18
62.56,-420.73,-21.34,25.37,-453.59,-18.41
65.12,-390.48,-52.62,100.24,-181.1,-3.66
93.35,-73.72,10.24,21.1,18.72,-31.95
-37.93,82.01,-62.13,-66.46,106.71,-80.61
-77.13,139.14,-95.85,-88.05,183.29,-84.51
-144.82,287.25,-37.32,-273.47,406.64,59.45
-240.49,506.89,153.84,-213.11,341.09,111.71
-248.6,240.36,34.88,-146.89,144.63,2.87
-31.65,16.1,15.91,-27.07,-1.77,-54.82
25.79,-28.66,-48.78,93.78,-48.23,-23.9
88.96,-124.75,-10.61,194.33,-13.23,9.15
133.72,-37.56,69.82,46.65,-53.6,35.55
-4.09,-56.52,55.3,-40.98,-61.89,12.13
-54.02,-40.67,-37.38,40.18,-167.38,-39.88
1.65,-208.41,-54.15,-13.9,-125.06,-34.88
-2.93,-0.73,-15.37,32.87,68.23,-5.85
61.77,56.34,4.15,89.57,22.93,-9.33
44.15,54.21,1.34,-47.99,89.21,24.88
-82.8,10.3,-10.3,-31.22,-69.27,-39.45
-15.06,-49.51,-32.56,-40.06,26.04,-24.15
-51.04,115.73,-21.22,-47.38,121.28,-22.56
-22.01,68.72,-18.11,-9.7,10.73,-14.94
-12.87,0,-14.39,-1.65,-1.59,-11.71
2.32,-13.29,-5.91,-0.24,-18.48,-0.73
-3.05,-15.91,1.83,-9.27,7.99,7.87
-12.13,35.85,12.5,-7.87,42.56,13.66
2.07,27.38,14.27,12.74,4.57,15.55
24.57,-16.34,16.65,35.12,-38.17,17.68
40.49,-56.65,19.39,42.44,-65.91,19.94
38.17,-65.55,20.12,26.77,-52.74,21.16
16.65,-28.11,21.22,6.22,-0.61,20.73
-7.32,20.49,19.02,-13.96,33.54,15.79
-19.15,42.5,13.9,-25.06,50.24,12.19
-20.12,57.93,10.18,-15.37,67.38,8.41
-2.62,70.12,9.33,13.48,36.46,9.76
23.96,-3.35,11.65,17.68,-4.09,6.77
10.49,-20.91,9.88,19.39,-31.59,18.72
2.62,-7.2,17.87,-13.72,40.49,13.78
-29.15,77.8,12.01,-48.6,79.39,4.51
-47.26,54.82,-7.44,-44.21,33.84,-14.69
-47.44,20.12,-21.04,-33.96,14.51,-27.01
12.8,-32.56,-46.65,65.97,-135.36,-58.41
115.55,-175.61,-41.04,147.32,-145.61,-22.8
146.1,-108.17,-7.93,99.45,-145.85,-16.22
25.24,-191.4,-49.57,-31.83,-177.07,-69.02
11.89,-70.37,-45.49,41.16,65.49,1.28
-42.5,123.6,14.51,-123.54,139.45,7.5
-50.49,48.96,-2.56,-28.96,-13.78,7.5
-48.17,37.07,17.32,-41.22,24.88,30.67
-26.46,-10.55,-0.67,6.71,-7.01,3.96
7.2,11.46,0.3,5.79,29.51,6.28
-8.66,42.32,4.82,-7.13,77.62,3.54
-17.93,105.61,13.72,-43.11,103.05,14.27
-58.35,86.83,10.3,-50.61,48.35,9.7
-11.16,9.39,5.73,10.3,-5.67,4.02
-28.54,-7.56,12.62,7.93,-62.01,4.82
31.46,-94.94,-5.37,41.71,-71.16,6.16
22.99,-32.38,3.9,12.99,-0.61,-7.2
-6.28,12.26,-8.41,-26.52,27.68,-12.93
-6.77,33.78,-17.07,1.83,11.77,-16.59
6.28,-14.15,-17.56,7.87,-18.72,-18.29
27.93,-29.02,-17.13,31.4,-70.49,-4.45
-2.2,-80.43,13.6,-14.02,-75.18,4.33
-16.46,-24.94,2.8,-33.41,42.87,-1.65
-45.12,92.86,-7.32,-36.1,88.96,-16.16
-24.39,45.98,-20.61,-19.39,16.89,-20
-8.96,-2.26,-22.13,-4.45,2.8,-25.18
-7.13,25.12,-19.94,-0.12,26.04,-15.43
12.01,2.99,-6.52,-6.95,-42.32,-1.22
-5.37,-45.73,3.23,2.07,-7.8,7.68
3.84,14.76,13.05,2.44,8.6,14.76
12.26,-0.3,13.23,20.06,1.95,10.3
29.15,-24.27,3.17,27.87,-42.87,6.59
19.94,-35.12,5.98,33.84,-36.28,3.9
22.87,-30.12,3.05,16.16,-30.49,5.91
19.45,-46.52,2.26,24.33,-54.45,0.55
27.26,-57.32,0.73,13.41,-45.3,2.07
-2.26,-35.12,-0.91,-4.88,-28.17,-8.48
-3.96,-4.88,-13.35,-3.35,18.05,-15.06
6.4,27.38,-14.94,5.67,24.45,-12.68
4.45,19.94,-12.32,-1.46,12.62,-12.8
-8.48,4.63,-10.67,-14.94,4.27,-8.48
-17.38,11.46,-6.28,-18.6,21.46,-3.23
-19.45,27.93,-0.55,-18.23,26.04,1.77
-18.78,21.4,4.09,-16.46,19.76,5.73
-11.52,19.45,7.01,-6.1,16.28,8.23
0.61,10.98,8.96,15.43,0.24,9.39
31.28,-20.43,11.59,52.87,-45.67,15.49
83.54,-81.22,21.77,106.28,-122.25,31.95
120,-152.19,43.17,105.97,-156.83,53.96
96.04,-166.28,53.17,82.26,-168.11,41.16
54.33,-142.8,28.48,30.37,-74.76,21.22
22.8,-1.22,9.7,21.28,17.68,-2.62
-6.95,22.5,-13.41,-36.16,46.58,-17.93
-61.22,79.08,-13.11,-98.96,126.46,8.35
-151.28,186.1,29.57,-146.46,216.95,20.67
-65.67,162.99,6.04,-57.13,124.57,1.89
-77.74,84.82,2.68,-74.57,63.78,-6.34
-80.79,112.93,-13.17,-69.82,172.19,-7.93
-44.69,185.06,-2.07,-11.65,115.91,-1.04
11.04,30.91,-5.43,44.27,-31.16,-9.51
43.78,-49.63,-11.28,35.37,-56.77,-6.83
15.55,-57.8,-5.18,-7.2,-49.94,-4.82
-24.57,-12.26,-0.79,-38.17,35.18,1.83
-51.89,80.12,3.05,-71.22,112.62,3.23
-90,130.55,3.35,-96.83,139.14,0.49
-97.56,141.77,-4.02,-97.01,139.82,-6.59
-93.35,133.6,-9.09,-89.69,121.52,-9.33
-87.38,98.11,-12.44,-78.6,67.13,-17.07
-58.66,27.44,-21.22,-31.71,-19.45,-23.35
12.01,-71.89,-26.46,80.37,-128.11,-29.15
171.03,-186.58,-29.27,274.02,-252.44,-21.46
363.05,-311.77,-13.35,378.23,-354.51,-2.32
259.81,-403.23,12.01,59.02,-460.42,40.49
66.71,-353.96,103.72,157.44,-142.07,66.1
188.41,15.12,24.88,171.89,115.36,89.45
106.71,94.27,47.5,9.7,17.87,27.19
-30.12,-47.8,9.33,-38.72,-95.85,7.5
-58.9,-112.5,7.56,-81.34,-124.57,3.17
-90.73,-138.23,-6.22,-98.66,-98.96,-33.96
-115.43,16.4,-68.23,-92.19,126.1,-87.07
-32.56,175.43,-62.13,-42.32,210.49,-13.78
-102.01,225,-2.56,-115.61,205.24,-18.23
-71.4,186.34,-17.8,-49.94,127.8,-23.11
-58.6,21.28,-23.05,-48.29,-48.29,-20.49
-59.33,-40.73,3.29,-38.84,-3.05,-0.06
-16.34,80.97,22.19,-38.6,122.13,24.82
-36.65,97.8,17.62,-31.4,49.57,3.78
-17.93,11.83,-7.44,-14.63,-4.7,-15.18
-9.7,-1.16,-15.98,-2.13,10.49,-17.62
-2.01,6.4,-17.74,7.56,2.87,-21.83
11.83,-6.77,-21.34,4.63,-13.78,-19.51
-3.54,-17.99,-17.38,-11.59,-22.38,-15.43
-17.44,-21.95,-14.88,-18.96,-6.16,-11.59
-20.55,25.67,-7.13,-30.55,60.55,-1.95
-39.82,78.66,1.22,-50.49,83.84,4.02
-65.97,92.38,7.5,-70.18,107.68,8.6
-67.07,124.51,9.51,-66.58,138.41,10.67
-66.77,150.12,12.19,-69.27,156.64,13.29
-69.21,161.77,13.84,-75.61,162.86,14.21
-84.57,160.18,13.23,-67.44,163.11,16.4
-50.73,160.43,16.46,-41.4,157.25,16.22
-16.28,147.99,19.21,23.35,132.86,20.79
64.63,101.65,19.27,107.8,58.84,10.55
182.56,-27.93,-1.16,261.22,-142.01,-9.82
288.35,-195.06,-18.54,283.9,-169.08,-33.29
248.17,-109.82,-40.49,151.89,-94.27,-35.24
105.91,-128.96,-6.1,129.94,-54.21,-4.33
134.82,85.36,3.6,117.86,191.77,20.67
51.71,189.57,29.63,16.95,129.57,38.9
27.5,79.69,19.21,40.91,43.41,-9.76
27.07,17.32,-20,-19.02,29.39,-24.94
-56.16,46.04,-10.73,-132.93,65.97,-8.54
-171.58,56.34,1.46,-199.39,37.62,13.9
-196.03,-31.16,23.23,-105.3,-198.35,35.3
-30.24,-370.3,44.21,24.76,-433.96,19.57
5.18,-233.23,4.45,-16.4,101.71,30.43
-88.66,250.73,6.04,-50.49,156.46,-13.9
-3.35,26.71,-18.54,-18.29,-21.28,-11.83
-24.88,-63.78,-3.96,-4.57,-75.61,-12.44
6.89,-87.8,-17.99,21.46,-112.99,-20.43
31.04,-137.99,-21.83,40.18,-150.49,-23.41
39.08,-153.96,-22.8,35.43,-153.29,-18.6
40.49,-152.25,-13.9,54.21,-142.74,-11.34
59.76,-111.1,-6.77,43.84,-71.95,-4.45
24.02,-31.77,-0.67,7.8,1.89,1.46
-11.4,25,0.73,-27.38,37.5,1.95
-27.99,41.1,2.99,-24.21,39.15,1.71
-18.35,36.65,0.67,-9.82,33.17,0.24
-0.61,22.8,1.28,4.09,9.76,2.5
8.35,-1.28,1.28,15.49,-7.99,0.49
26.95,-7.26,1.77,44.94,4.7,5.24
64.57,25.3,13.23,80.43,45.67,25.06
84.02,50.91,31.59,70.18,38.78,37.56
44.08,20.49,39.08,18.05,27.8,45.61
3.78,65.49,56.58,-1.28,131.22,63.17
0.49,193.84,61.1,-1.4,238.23,58.66
2.07,244.81,43.54,20.91,198.53,26.77
50,131.65,6.22,81.04,80.91,-5.12
88.84,65.06,-34.45,79.76,68.96,-33.48
57.56,57.5,-28.41,33.6,35.91,-16.28
-22.87,5.37,-5.67,-79.57,-8.6,1.65
-99.94,2.62,-1.34,-99.39,24.51,-2.56
-88.84,43.41,-3.84,-79.45,32.5,-4.21
-63.35,-13.17,-4.02,-49.08,-62.93,-2.5
-39.45,-79.45,-0.18,-33.17,-56.28,0.73
-21.77,-13.78,0.91,-12.68,16.16,0.61
-9.63,19.82,1.04,-12.38,8.41,2.62
-10.43,4.82,3.23,-8.05,7.93,2.8
-7.13,8.23,2.26,-8.29,4.94,2.62
-9.82,2.62,2.68,-10.67,1.83,2.44
-10.61,-1.52,1.77,-10.85,-9.33,0.85
-10.85,-19.57,-0.79,-11.22,-29.63,-2.87
-14.45,-41.4,-4.88,-21.04,-57.01,-6.89
-22.5,-67.01,-10.37,-28.23,-76.52,-12.62
-32.19,-89.21,-13.72,-30.3,-97.99,-14.82
-25.85,-99.57,-15,-20.61,-91.95,-14.33
-13.66,-79.27,-13.17,-9.15,-67.32,-11.83
-4.63,-58.6,-11.89,-7.26,-54.88,-12.38
-11.46,-53.96,-12.44,-14.57,-52.93,-12.99
-16.46,-50.06,-13.96,-17.87,-47.99,-15.12
-19.33,-46.22,-16.4,-19.57,-45.18,-16.77
-19.69,-43.48,-17.38,-16.52,-37.07,-17.5
-10.67,-25.79,-15.3,-2.07,-8.54,-11.59
3.17,11.22,-5.37,3.17,31.65,3.48
1.83,48.29,11.28,-3.96,64.27,19.02
-9.33,77.68,22.62,-7.44,91.34,23.05
-0.12,105.24,23.54,14.09,116.52,25.06
31.89,124.57,25.18,49.33,126.04,23.54
65,124.94,20.91,72.19,124.02,18.41
72.56,128.78,15.55,70.85,136.1,12.62
67.99,142.01,10,65.67,141.58,8.05
64.51,135.61,7.8,61.46,129.02,9.57
47.44,124.33,7.5,37.5,108.84,10.24
20.73,81.65,12.44,8.17,50.37,14.51
-20.24,26.77,18.29,-68.11,13.6,28.48
-74.15,4.76,23.66,-65.91,-2.8,20.3
-58.17,-6.83,22.01,-66.04,-12.8,24.15
-67.5,-21.1,20.85,-49.94,-16.34,16.16
-31.89,-11.95,1.89,-13.29,-22.32,-16.83
7.87,-39.08,-26.71,25.73,-66.77,-39.94
23.48,-121.58,-51.89,5.37,-155.85,-54.33
-12.5,-158.84,-45.37,-13.11,-151.71,-31.59
28.6,-128.35,-27.62,52.01,-88.6,-28.84
69.27,-42.07,-18.84,97.93,14.21,-6.46
112.93,42.87,-10.43,106.83,52.44,-7.56
68.72,35.61,-3.17,24.88,5.49,-1.83
-11.1,-20.91,0.55,-44.63,-20.55,2.26
-73.11,6.28,15.49,-63.35,38.23,16.71
-34.82,67.56,14.09,-21.77,66.58,15.37
-24.39,49.76,20.67,-30.43,35.85,25.12
-33.54,43.6,26.77,-26.4,72.8,28.23
-9.94,104.08,28.54,10.49,115.55,27.56
34.57,107.13,26.16,-18.54,86.46,29.57
-31.52,61.22,21.28,-3.48,54.88,14.63
21.59,45.06,10.3,18.48,27.74,13.29
29.94,17.62,10.79,40.55,10.73,4.21
37.87,2.38,0.06,30.85,-4.09,-7.32
20.67,-8.84,-12.5,12.01,-12.99,-13.78
-9.39,-20.61,-17.93,-30.37,-25.67,-22.26
-32.44,-29.82,-16.52,-32.32,-33.35,-14.45
-31.16,-33.17,-14.02,-33.84,-32.32,-12.93
-35.98,-34.09,-11.1,-36.89,-37.87,-9.45
-35,-40.98,-7.62,-35.85,-41.28,-4.45
-36.04,-36.71,-0.3,-26.28,-19.51,1.4
-7.68,10.73,1.71,10.24,43.41,3.23
17.87,70.3,5.43,27.07,90.91,5.24
30.49,96.34,7.2,20.3,83.9,12.62
-15.67,59.02,26.59,-64.63,30.61,38.48
-115.49,13.78,51.95,-163.41,3.17,77.8
-163.23,0.98,79.21,-178.05,2.13,79.63
-158.35,11.16,69.39,-143.05,30.3,60.3
-121.22,52.32,62.19,-140.43,79.08,99.51
-103.35,102.74,103.78,16.89,-56.04,62.19
204.14,-338.78,60.67,259.39,-321.52,43.05
187.5,-178.6,-27.38,175.12,-50,-112.68
208.11,85.18,-153.17,249.81,242.01,-187.8
190.85,365.97,-193.47,105.67,385.42,-167.44
-15.37,254.33,-107.13,-64.69,65.06,-41.89
-84.82,-124.02,40.49,-156.34,-315.67,8.29
-191.22,-318.59,19.39,-205.91,-244.51,105.85
-89.69,-166.95,88.17,5.98,-63.17,44.27
27.13,25.12,16.77,-11.34,22.32,17.87
-23.23,7.5,4.39,-34.69,-36.1,11.89
-76.46,-55.85,33.96,-101.1,-39.39,28.23
-93.66,-6.95,21.65,-73.96,20.67,22.01
-37.44,39.69,17.26,43.78,56.1,10.85
297.92,105.06,-13.6,268.41,135.73,-16.04
99.94,150,-27.13,90.36,75.37,-71.77
45.79,46.71,-60.49,62.26,-17.56,-43.48
62.07,-47.01,-46.34,40.12,-45.49,-52.32
72.87,44.02,-34.21,74.82,262.07,-43.35
24.88,254.88,-46.1,-37.07,135.85,-28.23
-98.84,44.27,24.39,-105.97,-27.62,54.33
-73.47,-97.01,67.8,-57.07,-174.39,68.84
-33.23,-249.88,42.74,-92.38,-202.38,31.4
-158.96,-107.01,41.52,-167.68,-83.96,30.43
-165.12,-95.49,47.13,-160.06,-78.11,44.21
-122.62,-96.58,21.71,-97.32,-98.29,19.21
-88.35,-77.68,28.35,-64.21,-22.5,13.6
-8.9,34.51,4.63,108.41,93.29,11.1
165,147.13,25.85,125.85,131.52,-4.76
145.55,18.41,-5.24,128.84,-22.8,21.71
94.33,5.06,12.38,72.99,70.43,-4.51
106.71,59.57,-20.73,87.26,5.43,-61.58
68.78,-3.84,-42.19,134.63,28.66,-43.66
154.57,203.41,-53.48,77.07,263.11,-56.65
-14.51,198.96,-50.49,-119.02,71.71,-9.02
-151.64,-68.78,31.22,-105.12,-163.66,52.93
-81.22,-234.88,45.91,-116.65,-230.91,7.44
-195.61,-158.54,32.19,-182.86,-124.63,67.07
-143.84,-68.78,58.23,-100.73,-15.24,30.37
-60.49,2.32,9.21,-31.89,-10.43,8.41
-25.73,-26.77,17.68,-30.18,-24.76,17.26
-27.74,-6.28,13.78,-20.49,14.88,10.37
-28.96,33.6,10.61,-31.89,37.68,9.27
-16.28,32.74,2.74,0.3,12.44,-0.98
12.07,-17.56,-3.05,25.55,-33.05,-9.51
55.3,-17.68,-18.96,85.67,21.16,-23.29
100.55,58.66,-28.54,90,72.32,-33.66
76.22,64.69,-35.67,52.01,46.52,-29.57
33.48,-4.7,-19.57,21.59,-51.04,-13.6
1.22,-65.18,-8.41,-19.82,-41.28,4.63
-31.28,-11.59,15.91,-36.04,17.26,16.83
-8.35,39.69,6.04,51.28,42.01,-5.55
147.25,-10.73,-11.59,248.72,-102.99,-5.73
223.29,-47.19,10,109.57,10.43,3.96
70.79,82.56,-20.18,40.3,126.04,-34.82
10.79,108.11,-37.07,-3.11,44.82,-27.62
-1.4,-12.01,-20,-19.27,-32.93,-17.99
-39.39,-27.01,-5.79,-43.72,-25.3,4.09
-34.21,-41.77,4.45,-24.82,-63.66,2.2
-7.26,-72.8,0,7.13,-62.01,-1.22
10.61,-38.17,-6.4,5.43,-18.17,-8.72
-7.2,-15,-9.27,-28.17,-30.67,-8.23
-35.49,-55.73,-3.78,-27.19,-63.17,0.67
-7.56,-48.9,0.91,14.57,-16.46,-3.29
36.16,26.34,-8.05,46.28,72.87,-11.65
40.91,110.91,-13.17,23.84,119.15,-9.88
8.78,97.93,-4.39,-3.96,51.71,8.29
-26.59,6.52,19.45,-57.68,-2.01,37.07
-59.57,7.8,40.85,-27.44,-6.89,37.13
29.63,-82.93,36.83,56.58,-128.72,43.78
21.77,-76.58,43.78,-18.66,5.73,25.43
-40.24,67.32,5.73,-39.27,88.78,9.15
-29.94,79.88,9.02,-17.8,48.96,7.07
-11.4,2.01,1.4,-21.22,-28.11,-3.96
-52.68,-26.83,-11.46,-61.58,-19.21,-15.85
-43.48,-17.5,-16.77,-29.45,-34.21,-6.59
-21.22,-51.77,-1.89,-18.72,-55.12,0.18
-12.62,-53.11,-1.4,0.37,-48.84,-4.45
12.93,-45.06,-4.33,21.16,-39.21,-6.52
19.21,-31.22,-8.66,18.84,-28.78,-9.88
13.17,-29.88,-9.09,5.37,-29.33,-7.68
2.56,-28.29,-6.65,5.79,-27.32,-5.37
4.82,-20.98,-5.85,6.1,-13.35,-5.43
16.04,-1.89,-5.55,32.44,10.98,-6.95
52.32,24.63,-9.7,73.78,38.17,-15.18
95.06,40.79,-19.27,113.05,33.29,-21.77
117.19,16.16,-19.88,98.84,-4.21,-14.94
62.44,-18.11,-10.49,17.19,-20.12,-6.77
-13.17,-16.46,-3.72,-24.09,-9.39,-0.55
-36.28,-0.12,4.15,-43.54,9.7,7.56
-48.54,23.96,10.79,-52.99,44.76,13.96
-51.71,64.33,15.55,-45.43,75.85,16.95
-43.6,74.76,21.34,-42.38,64.57,24.63
-26.52,50.73,24.51,-2.5,40.49,23.72
9.33,29.88,28.96,-35.24,10.98,39.21
-68.6,11.65,49.21,-73.66,28.35,42.26
-58.72,28.41,31.71,-67.07,5.85,34.21
-54.94,-36.52,22.19,-45.06,-65.55,19.69
-22.07,-93.05,12.99,17.44,-106.83,1.04
49.02,-95.24,-14.63,85.49,-90.61,-32.8
116.65,-106.71,-47.44,109.15,-131.22,-65.24
71.4,-165,-69.39,40.73,-191.58,-58.29
59.51,-156.04,-39.69,81.16,-66.34,-13.84
110.24,-12.62,-11.71,100.24,-11.83,-2.93
78.84,-20.37,-4.76,66.28,-10.3,-3.72
42.26,29.21,-0.3,34.39,63.72,3.72
30.37,83.41,12.01,6.77,91.77,15.67
-23.72,79.94,18.54,-57.74,16.65,17.5
-91.28,-43.11,25.79,-115.91,-74.15,31.34
-159.21,-62.62,33.78,-206.34,-12.68,49.21
-221.52,69.69,51.65,-164.27,173.05,27.62
-45.79,239.39,-0.67,115.06,154.63,-55.06
-23.54,36.77,69.33,-29.51,-109.08,79.45
-8.72,-78.23,47.38,25.79,48.9,18.29
11.34,144.82,-5.85,24.45,183.17,-20.43
41.22,142.68,-25.43,44.15,50.43,-34.15
56.95,-57.5,-32.44,36.22,-122.01,-34.88
-9.88,-143.29,-51.58,-59.27,-149.57,-79.45
-62.74,-141.52,-66.1,-43.29,-165.97,-11.04
-32.87,-185.42,14.94,-4.63,-131.83,22.56
70.55,-10.43,15.79,119.88,43.11,2.44
129.15,64.45,-23.11,108.78,83.9,-23.35
82.01,84.69,-15,55.43,76.22,-12.74
31.1,35.49,-8.96,6.34,6.52,1.28
-29.94,14.94,11.1,-43.05,51.34,19.15
-13.78,88.23,13.48,40.12,74.88,3.72
88.9,2.32,5,97.01,-55.18,12.01
57.68,-41.71,18.35,-26.28,-3.05,10.91
-49.51,19.09,4.76,-46.58,34.45,-2.32
-35.43,40.43,-6.52,-38.05,42.01,2.38
-58.96,13.84,8.41,-69.51,-47.99,3.54
-65.73,-105.61,0.79,-61.46,-135.18,4.15
-49.76,-129.08,5.73,-37.62,-96.1,2.32
-14.82,-51.4,-4.02,17.68,-9.33,-7.62
49.69,24.63,-8.05,63.05,48.78,-4.02
73.17,67.68,-6.16,88.96,81.52,-10.06
109.27,87.62,-13.72,120.73,88.6,-16.46
116.71,90.49,-15.73,94.57,93.72,-14.63
59.63,92.38,-12.62,21.4,78.35,-10.3
-0.67,55,-1.89,-2.68,30.85,2.99
-5.91,12.13,7.8,-19.09,-2.87,13.66
-36.28,-12.44,19.02,-47.62,-13.48,21.95
-48.78,-9.82,22.68,-44.02,-5.73,22.99
-38.96,-4.45,24.21,-55.12,-19.39,28.11
-47.32,-36.89,25.98,-26.28,-58.11,18.35
1.83,-82.44,7.44,6.89,-90.55,-6.59
-0.91,-90.43,-18.35,-1.52,-96.83,-27.99
-13.66,-107.38,-32.26,-8.48,-138.11,-36.1
-2.87,-174.14,-38.54,15.91,-204.63,-33.35
50.85,-176.52,-12.5,85.61,-96.4,-10.79
88.41,-54.02,-15.06,84.88,-38.54,-15.24
80,-35.79,-13.96,57.38,-41.16,-13.29
42.74,-60.73,-13.78,42.44,-90.36,-14.57
29.94,-115.97,-15.73,-2.62,-156.71,-15.12
-60.55,-168.11,-15,-96.89,-157.13,-10.73
-101.22,-140.49,-3.6,-88.23,-129.33,8.78
-81.34,-142.74,-6.28,-77.01,-143.84,-22.26
-52.74,-136.4,-39.15,-25.67,-142.01,-69.39
2.68,-174.27,-76.46,27.8,-202.44,-75.85
74.76,-168.6,-66.83,135.24,-72.68,-51.89
173.66,-10.67,-40.55,150.67,6.28,-48.66
105.06,-12.44,-47.38,75.24,-50.61,-38.23
60.3,-83.23,-27.44,35.73,-87.19,-19.33
29.15,-82.99,-11.52,20.49,-69.51,-3.54
-11.4,-32.19,6.04,-44.51,20.37,16.28
-45.18,63.47,35.73,-53.29,104.57,50.43
-66.28,138.05,62.26,-70.49,159.69,69.45
-67.8,157.93,77.26,-62.26,145.97,87.13
-56.65,134.82,95.06,-57.19,143.96,108.84
-64.82,198.53,113.41,-38.9,312.13,115.97
24.94,342.56,85.49,88.78,301.4,53.05
121.22,204.69,28.11,148.96,63.29,9.88
155.97,12.62,11.77,141.34,13.35,14.27
118.6,64.27,8.54,102.8,109.63,7.32
73.05,130.18,13.17,57.38,139.08,15
52.68,157.62,11.95,61.22,169.27,9.7
76.1,159.27,6.71,63.54,134.27,-2.99
25.67,88.96,4.57,-5.79,28.84,11.71
-34.63,-5.73,20.3,-31.65,0.18,19.39
-6.89,19.82,15.98,7.68,29.63,12.93
-14.15,19.09,14.69,-22.01,5.3,16.71
-19.69,0.49,16.28,-19.39,7.44,15.18
-19.45,20.37,13.11,-19.02,29.88,11.59
-24.69,22.44,12.87,-27.5,-5.79,12.19
-27.74,-39.88,11.59,-27.68,-60.85,6.4
-25.73,-69.57,-1.16,-23.78,-71.71,-10.43
-13.6,-60.37,-11.28,-14.88,-52.56,-13.66
-20.43,-44.51,-19.33,-29.76,-41.16,-24.51
-32.19,-47.8,-27.93,-31.83,-62.26,-30.24
-35.37,-80.06,-31.89,-38.66,-98.41,-33.23
-34.02,-117.13,-35.37,-28.23,-146.64,-31.52
-36.89,-157.86,-32.32,-33.72,-167.01,-30.98
-23.72,-170.49,-28.6,-15.12,-170.06,-25.85
-7.26,-166.16,-24.88,-5.3,-165.73,-24.39
-6.83,-169.75,-26.28,-11.83,-167.38,-25.98
-14.09,-160.73,-25.12,-22.32,-154.21,-28.41
-24.45,-136.77,-25.98,-23.23,-117.25,-23.6
-14.76,-103.05,-24.82,-9.76,-97.44,-29.02
-7.38,-92.07,-30.85,-4.21,-90.97,-32.87
-1.22,-91.4,-35.12,-2.68,-88.9,-36.95
-2.5,-80.12,-38.48,-2.99,-70.79,-38.35
-0.79,-60.61,-37.19,0.49,-49.02,-36.16
1.65,-36.59,-33.72,1.83,-23.17,-30.12
-0.37,-13.72,-24.21,-1.46,-12.13,-19.15
-7.01,-13.96,-14.94,-8.66,-18.48,-13.11
-5.79,-22.87,-10.98,-2.74,-25.43,-9.57
1.65,-28.11,-8.23,6.04,-29.57,-7.5
10,-28.96,-6.65,12.8,-27.07,-5.85
13.72,-23.17,-5.3,10.98,-16.52,-4.82
5.98,-7.99,-4.15,-0.43,0.67,-3.35
-5.55,7.07,-2.32,-7.26,8.6,-1.28
-7.5,9.21,0.06,-6.89,11.71,1.59
-5.37,13.72,3.72,-3.72,16.34,6.22
-3.23,18.54,9.21,-1.1,20.18,11.22
-0.12,21.89,13.84,0.37,25.18,16.34
1.83,29.69,19.51,4.51,33.66,22.99
7.5,36.77,27.32,11.83,38.54,32.5
16.52,38.84,36.16,20.24,41.28,39.69
21.4,44.63,42.44,20.55,50.67,45.67
18.66,59.57,48.96,18.6,69.88,50.49
20.55,83.54,51.77,25.49,95.36,52.19
34.27,106.95,51.83,42.44,117.56,49.02
46.46,130.61,45.37,48.35,137.74,41.28
41.95,142.68,36.95,37.07,142.86,31.83
37.13,137.74,25.98,32.5,127.32,21.4
30.24,114.88,17.74,21.77,112.07,16.34
20.37,121.71,13.96,23.41,131.34,11.46
19.57,141.04,9.45,17.19,140.61,7.87
9.33,126.22,9.39,4.27,97.8,12.56
10.73,64.63,16.4,21.52,44.33,17.01
20.79,40.73,21.04,27.26,51.89,19.88
32.56,63.29,18.6,34.76,65.85,17.5
38.23,58.72,16.16,39.69,46.52,15.3
37.26,35.73,14.57,31.4,27.01,13.29
25.67,17.8,12.01,9.76,8.17,9.27
6.52,-0.67,5.61,6.1,-4.27,5.06
3.29,-3.35,1.77,0.79,-0.3,-0.85
-1.4,1.22,-3.23,-0.79,3.72,-8.84
-4.27,0.55,-14.39,-1.46,-0.55,-12.5
4.51,-3.17,-9.7,7.8,-5.91,-10.3
8.72,-5.79,-11.16,10,-5.37,-11.59
11.16,-6.59,-11.52,10.12,-8.54,-11.1
6.89,-10.37,-10.37,2.26,-12.44,-9.45
-3.48,-15.12,-8.05,-9.27,-16.59,-6.59
-14.27,-16.83,-5.24,-17.8,-17.56,-3.48
-21.1,-18.11,-2.07,-23.11,-19.21,-0.37
-25.12,-18.66,1.28,-24.88,-17.38,2.74
-23.78,-14.69,4.21,-22.07,-11.1,5.3
-20.12,-6.65,6.4,-17.32,-3.66,6.95
-15.61,-2.2,7.01,-15.79,-1.95,7.26
-16.16,-2.32,6.65,-16.04,-3.54,5.85
-16.1,-5.67,4.88,-16.22,-6.89,3.54
-15,-8.66,2.56,-12.8,-8.35,1.34
-11.89,-7.8,0.24,-8.84,-7.32,-0.55
-4.63,-6.83,-1.34,-0.37,-4.63,-1.89
3.6,-2.8,-2.56,6.65,-0.98,-2.8
9.45,0,-2.8,11.22,0.79,-2.56
12.99,3.41,-2.44,15,6.65,-2.26
16.16,9.57,-1.83,15.67,11.34,-1.28
15.24,11.95,-0.49,15.79,10.98,0.18
14.82,9.09,1.22,12.32,5.49,2.62
9.09,3.9,3.6,5.85,2.32,4.27
2.44,-1.4,4.82,-3.84,-8.9,5.18
-12.13,-21.1,5.61,-20.49,-39.69,5.18
-27.62,-63.96,4.15,-33.72,-90.79,1.22
-37.32,-111.22,-3.17,-37.8,-114.02,-10.43
-26.65,-97.19,-18.17,-18.41,-74.15,-25.49
-30.18,-67.56,-34.94,-54.51,-97.68,-47.26
-91.52,-204.14,-59.88,-93.47,-315.67,-69.63
-45.12,-349.57,-73.66,27.8,-310.3,-98.54
32.93,-226.52,-85.73,-8.84,-193.6,-37.5
-10,-246.4,-42.07,8.23,-329.57,-70.06
6.52,-386.7,-103.23,66.04,-337.8,-63.84
115.79,35.06,-40.67,63.66,188.35,-66.89
-5,122.5,-69.63,-46.77,55.98,-52.87
-63.54,-29.63,-42.07,-57.19,-75.97,-25.18
-25,-95.12,-15.61,-34.45,-63.84,-7.32
-67.19,-10.06,2.56,-81.34,26.16,9.51
-66.4,45.79,10.79,-55.06,53.11,15.61
-44.76,62.62,21.04,-30.49,68.96,26.89
-18.23,64.08,32.01,-13.72,60.91,37.62
-15.85,61.65,43.72,-17.68,64.82,47.93
-19.33,71.04,50.3,-22.62,79.82,50.55
-27.19,88.35,48.35,-27.32,92.13,45.49
-24.02,85.43,42.07,-10.85,45.18,36.22
-5.49,-38.11,11.83,-29.21,-29.69,-1.83
-14.33,24.69,2.07,-1.59,82.13,14.76
-21.83,115.97,19.45,-36.71,106.34,10.79
-36.16,68.96,-6.52,-31.46,37.38,-13.9
-30.12,7.44,-14.82,-25.3,-6.83,-15.55
-17.62,-18.84,-18.96,-7.68,-33.54,-23.6
4.02,-52.56,-26.59,15.73,-68.17,-27.19
23.96,-73.84,-26.65,29.39,-72.44,-25.06
31.4,-69.02,-22.44,30.49,-64.45,-17.93
27.5,-56.83,-12.44,23.84,-44.57,-6.77
19.88,-28.78,-2.38,13.17,-14.09,2.5
4.15,-1.71,6.77,-2.99,9.63,10.3
-8.17,19.39,12.74,-11.65,26.95,14.33
-11.46,33.35,14.63,-11.77,37.26,13.9
-11.65,37.5,13.23,-10.73,35.55,12.07
-10.49,33.48,10.49,-9.39,29.94,9.02
-8.96,26.28,7.5,-7.8,21.59,5.73
-6.04,16.71,3.9,-4.02,10.85,2.38
-2.13,4.09,0.61,0.06,-1.52,-0.73
1.52,-6.4,-2.44,2.13,-11.59,-3.9
4.15,-16.52,-5.18,5.79,-21.89,-6.83
7.62,-26.77,-8.11,10.43,-31.52,-9.51
14.33,-37.07,-10.43,18.72,-42.87,-11.22
23.54,-48.17,-11.46,31.77,-51.04,-10.55
41.77,-44.02,-9.57,54.69,-29.33,-4.51
63.54,-4.39,5.49,72.68,25.55,19.45
84.51,68.23,37.93,86.16,93.78,50
79.39,90.79,54.21,65.12,77.99,57.01
46.46,69.51,61.46,29.51,71.1,66.22
12.8,82.8,70.91,-7.56,111.1,76.04
-36.04,168.29,77.56,-52.44,247.31,72.26
-38.78,294.2,63.9,-18.78,298.66,38.41
0.61,207.07,15.79,20.43,110.67,-20.85
34.51,62.8,-34.76,29.63,70.43,-23.05
60.37,91.16,-18.72,88.84,81.22,-14.02
86.71,45.98,-8.17,40.85,-14.27,11.83
-27.68,-31.04,12.74,-65.91,-0.24,8.78
-62.74,36.28,3.11,-32.93,47.32,-2.38
-6.71,37.8,-8.35,-3.29,20.73,-10.98
-14.02,-1.4,-7.62,-18.29,-22.68,-5.79
-12.74,-30.85,-5.55,-7.62,-24.33,-7.07
-8.72,-12.8,-8.23,-14.02,-7.07,-8.05
-19.21,-6.95,-6.95,-23.23,-11.65,-5.67
-27.32,-18.41,-4.51,-29.63,-25.49,-2.68
-29.57,-29.57,-0.24,-25.06,-28.96,1.28
-21.1,-22.68,2.07,-18.84,-14.27,2.74
-18.17,-6.83,3.23,-18.23,-0.49,4.51
-16.77,5.61,5.55,-13.6,12.8,5.79
-8.23,19.21,6.4,-2.26,22.62,6.46
3.48,25.06,5.85,7.56,24.15,5.49
10.67,20.12,4.82,14.15,12.99,3.78
14.88,4.7,1.89,14.45,-5.61,-0.85
16.22,-16.1,-3.96,17.8,-24.82,-7.44
20.67,-30,-11.52,25.24,-33.96,-15.12
33.78,-39.45,-18.48,40.98,-43.48,-21.83
48.84,-45.79,-25,58.29,-51.65,-27.56
59.88,-62.5,-28.6,54.02,-76.34,-28.29
43.84,-85.06,-27.93,35.3,-93.29,-26.04
27.87,-97.13,-22.87,22.19,-94.21,-18.96
19.57,-85.97,-15.67,19.21,-71.4,-13.11
19.33,-55.43,-12.13,14.94,-42.8,-12.13
5.79,-37.26,-12.62,-12.19,-42.68,-11.89
-33.05,-55.61,-10.43,-50.73,-74.94,-10.18
-63.47,-89.08,-11.71,-71.28,-88.6,-13.84
-73.35,-72.19,-15.61,-73.29,-44.33,-15.37
-69.51,-15.67,-14.27,-63.11,4.7,-12.56
-54.94,5.49,-12.68,-50.37,-14.45,-15
-44.88,-44.94,-15.91,-39.15,-62.01,-16.1
-32.38,-55.3,-15.12,-25.18,-41.1,-14.21
-19.45,-36.1,-14.88,-16.16,-41.22,-16.34
-12.62,-54.15,-17.93,-7.99,-64.82,-18.96
-1.28,-73.11,-20.43,2.93,-81.1,-20.85
7.13,-87.8,-21.59,12.13,-92.13,-21.65
15.85,-92.86,-20.55,17.5,-92.07,-19.09
18.84,-92.99,-18.23,20.85,-92.56,-16.52
24.33,-92.32,-14.02,27.68,-97.01,-14.21
32.93,-101.65,-12.19,37.13,-102.8,-15.06
40.49,-101.89,-14.94,43.6,-97.19,-14.09
46.34,-91.89,-12.44,51.16,-83.84,-10.3
53.96,-67.93,-6.59,55.98,-46.52,-4.57
55.98,-25.67,-4.33,39.76,-11.22,-4.09
16.04,-0.79,-6.04,-3.72,1.1,-7.87
-21.46,12.26,-10,-40.12,30.18,-10.43
-49.63,46.1,-10.37,-54.08,58.84,-8.66
-55.06,63.6,-5.12,-55,60,-1.34
-53.54,55.85,3.9,-52.38,55.79,9.88
-51.89,63.47,16.04,-52.19,78.84,24.33
-48.35,93.47,32.19,-44.33,99.02,31.77
-37.8,91.71,28.29,-32.5,79.21,21.46
-24.09,64.21,14.94,-11.95,47.26,9.02
-0.55,26.59,4.21,6.46,4.02,-0.98
5.73,-13.41,-4.94,5.91,-24.33,-7.93
6.16,-27.62,-10.43,1.83,-22.26,-12.13
-4.27,-13.6,-12.87,-10,-3.54,-12.87
-13.48,4.51,-12.19,-16.71,12.13,-11.4
-18.84,20.85,-10.18,-20.67,28.84,-8.17
-22.8,36.04,-5.61,-23.78,43.84,-3.23
-25.12,52.99,0.06,-25.79,62.44,3.29
-26.04,71.65,6.28,-23.84,82.62,9.57
-21.71,91.65,13.9,-18.05,97.01,18.41
-15.12,103.41,23.72,-13.41,110.43,27.93
-6.95,117.99,30.73,-0.43,125.79,32.13
5.49,130,31.77,13.6,132.5,30.37
24.02,132.13,27.19,36.1,129.63,23.9
45.67,124.75,20.67,52.74,117.13,17.07
58.05,107.44,14.39,60.43,94.27,12.68
62.99,76.28,9.7,60.12,57.44,7.2
44.76,41.77,4.82,36.04,25,-0.3
34.02,6.16,-5.43,28.72,-2.01,-2.62
18.35,-6.04,-1.71,8.66,-8.29,-3.29
0.18,-10.43,-5.24,-7.93,-14.69,-6.65
-13.96,-21.28,-5.67,-16.28,-25.79,-4.39
-18.6,-25.24,-4.21,-21.46,-22.99,-3.66
-22.07,-21.4,-3.17,-22.87,-20.49,-2.01
-23.05,-17.68,-1.28,-21.71,-13.05,-0.43
-20.61,-9.02,0.3,-18.72,-5.43,1.1
-17.87,-2.26,1.71,-17.38,-0.12,2.13
-17.56,0.55,2.2,-16.71,0.37,1.83
-18.78,-1.89,1.4,-18.78,-5.43,0.91
-15.49,-8.17,-0.06,-11.83,-11.04,-0.91
-8.35,-13.17,-1.59,-4.09,-15.24,-2.44
-0.06,-16.34,-3.17,3.23,-15.49,-3.35
5.98,-14.63,-3.17,5.98,-15.55,-2.93
6.77,-15.43,-3.23,6.28,-14.94,-3.29
6.46,-15.79,-3.35,7.5,-16.59,-3.35
8.54,-16.77,-3.41,9.15,-16.83,-3.72
10.3,-17.13,-3.6,12.26,-17.44,-3.41
12.01,-18.05,-3.23,11.22,-19.21,-2.99
9.57,-20.18,-3.05,8.05,-22.62,-3.54
4.88,-24.57,-3.96,1.16,-27.19,-4.57
-3.66,-29.57,-4.82,-8.35,-31.71,-5.49
-12.26,-32.74,-6.1,-16.52,-33.41,-6.59
-20.43,-33.54,-6.77,-23.78,-32.38,-6.89
-23.96,-30.3,-7.13,-22.68,-28.23,-7.44
-23.84,-27.38,-7.13,-26.59,-25.06,-7.32
-26.83,-24.88,-7.5,-25.37,-25.3,-7.8
-22.62,-26.4,-8.29,-19.39,-27.8,-8.72
-16.89,-29.21,-9.15,-12.68,-31.04,-9.51
-6.46,-34.09,-9.7,0.37,-37.5,-9.57
7.2,-40.67,-8.84,14.02,-42.99,-7.74
20.79,-45.37,-6.34,25.91,-48.35,-4.76
31.22,-51.89,-3.9,35.43,-55,-2.62
37.68,-56.28,-1.16,36.4,-54.94,0.12
32.07,-51.89,1.95,26.1,-44.63,3.05
19.02,-35.55,3.84,10.67,-20.43,5.98
0.61,-1.04,8.23,-10.06,19.15,10
-20.37,40.18,10.24,-33.23,62.19,7.26
-47.44,81.95,5.91,-57.26,92.56,4.51
-64.08,95.43,2.93,-68.23,89.76,0.73
-64.02,77.56,-3.11,-74.39,59.63,-3.66
-79.57,39.15,-6.04,-83.17,23.05,-8.17
-87.93,10.55,-10.79,-85.24,-1.65,-11.89
-79.33,-8.96,-12.93,-69.15,-16.22,-14.21
-60.97,-18.23,-14.27,-56.04,-14.88,-14.21
-48.96,-12.68,-13.54,-43.6,-7.68,-12.32
-39.82,-2.13,-10.37,-37.38,1.77,-8.41
-34.15,-0.3,-6.83,-25.85,-5.24,-5.55
-16.59,-7.44,-4.33,-9.51,-6.34,-3.11
-2.99,-2.74,-1.89,1.4,1.16,0
2.44,7.07,2.13,1.71,14.69,4.15
1.04,23.11,6.34,2.56,32.01,6.77
-4.27,40.55,8.41,-8.9,46.58,8.78
-12.93,51.16,8.78,-17.07,53.05,8.11
-21.71,51.16,7.01,-24.82,45.55,5.06
-27.8,37.93,3.66,-29.57,28.96,1.59
-31.46,18.05,-0.43,-32.62,11.46,-1.1
-31.46,4.63,-2.99,-29.51,-0.49,-3.17
-27.99,-5.12,-3.29,-26.46,-7.8,-3.96
-25.24,-5.3,-3.41,-24.09,-2.44,-3.54
-27.13,1.52,-3.66,-21.77,6.83,-2.01
-17.93,7.56,-1.1,-19.63,10.55,-0.43
-21.83,13.84,0.85,-19.82,16.95,0.79
-23.84,20.85,1.52,-18.84,22.62,1.89
-20.85,23.35,2.13,-24.69,21.89,2.2
-25.85,21.95,2.07,-25.85,20.73,1.89
-28.17,18.54,2.13,-30.55,16.59,2.26
-31.28,15.37,2.38,-32.8,14.51,2.13
-34.63,14.33,1.83,-36.95,14.69,2.2
-38.48,15.61,2.2,-40.85,16.65,2.5
-43.11,18.72,2.87,-44.88,20.55,2.56
-46.65,20.24,2.07,-47.99,19.63,2.5
-44.94,17.32,1.22,-43.72,13.17,1.46
-42.13,9.02,1.4,-39.33,5.73,1.34
-36.28,3.48,0.73,-31.34,2.87,0.73
-29.63,2.38,-0.37,-24.63,2.5,0.61
-19.02,2.5,0.73,-14.76,1.4,0.43
-10.06,0,-0.18,-6.46,-0.91,-0.43
-2.87,-1.46,-0.24,-0.18,-2.44,-0.18
1.71,-2.87,-0.18,3.41,-3.66,-0.18
3.66,-4.39,-0.18,4.51,-4.39,-0.24
5.24,-4.88,-0.24,5.43,-5.24,-0.18
6.1,-5.67,-0.12,5.85,-5.79,0
5.43,-5.18,-0.12,2.5,-5.12,-0.55
3.66,-4.27,-1.28,0.24,-2.8,-4.33
6.83,-2.8,-0.37,7.68,-3.96,-0.12
6.46,-5.67,-1.34,6.77,-6.52,-0.55
7.44,-6.34,-0.61,6.46,-6.4,-0.79
6.46,-5.61,-0.49,7.07,-4.63,-0.67
5.12,-3.48,-0.67,4.27,-3.17,-0.61
2.68,-3.23,-0.61,1.16,-2.99,-0.43
-0.06,-2.01,-0.37,-1.28,-0.91,-0.55
-2.32,0.3,-0.49,-2.87,1.04,-0.73
-3.29,1.04,-0.61,-3.48,0.79,-0.61
-3.54,0.49,-0.49,-3.29,0.18,-0.43
-3.05,0.12,-0.37,-4.21,-0.24,-0.24
-1.95,-1.89,-0.61,-2.26,-1.89,-0.43
-1.16,-1.52,-0.67,-0.24,-1.4,-0.55
0.3,-1.89,-0.55,1.16,-2.38,-0.55
1.83,-3.05,-0.37,2.26,-3.72,-0.18
2.32,-3.6,-0.24,2.8,-3.78,-0.37
3.17,-4.09,-0.37,2.87,-4.39,-0.49
3.35,-4.39,-0.49,3.29,-4.21,-0.43
3.05,-3.84,-0.55,2.5,-3.66,-0.37
2.26,-3.29,-0.24,2.2,-2.99,-0.37
1.77,-2.8,-0.43,1.04,-2.5,-0.43
0.49,-2.13,-0.43,0.12,-2.01,-0.55
-0.55,-1.65,-0.43,-1.04,-1.16,-0.55
-1.1,-0.85,-0.49,-1.16,-0.73,-0.3
-1.22,-0.85,-0.49,-1.16,-1.28,-0.43
-0.61,-1.34,-0.3,-0.3,-1.4,-0.61
0.12,-1.83,-0.43,0.18,-1.95,-0.43
0.73,-2.26,-0.61,0.85,-2.44,-0.37
1.1,-2.56,-0.43,1.4,-2.68,-0.55
1.46,-2.8,-0.43,1.71,-3.17,-0.37
1.83,-3.23,-0.3,2.13,-3.35,-0.43
2.07,-3.54,-0.37,2.2,-3.35,-0.3
2.13,-3.35,-0.43,1.89,-3.05,-0.55
1.71,-3.11,-0.24,1.59,-2.74,-0.49
1.04,-2.68,-0.3,0.61,-2.26,-0.37
0.24,-2.07,-0.49,-0.06,-1.77,-0.37
-0.24,-1.65,-0.37,-0.18,-1.59,-0.43
-0.49,-1.65,-0.49,-0.18,-1.59,-0.55
-0.12,-1.71,-0.61,0.18,-1.83,-0.55
0.37,-1.89,-0.37,0.43,-2.2,-0.55
0.67,-2.32,-0.24,0.85,-2.32,-0.55
0.79,-2.62,-0.43,1.16,-2.56,-0.3
1.16,-2.8,-0.49,1.16,-2.87,-0.49
1.46,-2.87,-0.3,1.52,-3.17,-0.43
1.89,-3.17,-0.43,1.71,-2.93,-0.49
1.77,-3.17,-0.49,1.59,-2.8,-0.49
1.52,-2.93,-0.37,1.28,-2.68,-0.49
0.79,-2.44,-0.49,0.67,-2.44,-0.37
0.37,-2.01,-0.55,0,-2.01,-0.3
0.18,-1.77,-0.49,0.24,-1.83,-0.3
0.06,-1.83,-0.49,0.24,-1.89,-0.3
0.3,-2.01,-0.43,0.3,-2.01,-0.49
0.67,-2.07,-0.37,0.79,-2.26,-0.61
0.67,-2.26,-0.37,0.73,-2.5,-0.37
0.98,-2.32,-0.43,0.98,-2.56,-0.55
0.79,-2.44,-0.49,1.1,-2.68,-0.24
1.28,-2.8,-0.55,1.52,-2.74,-0.49
1.52,-2.99,-0.49,1.4,-2.68,-0.37
1.46,-2.93,-0.55,1.16,-2.56,-0.43
1.1,-2.62,-0.49,0.85,-2.68,-0.55
0.67,-2.38,-0.55,0.49,-2.38,-0.43
0.43,-2.2,-0.3,0.43,-2.01,-0.61
0.37,-2.01,-0.37,0.06,-2.07,-0.43
0.49,-1.89,-0.49,0.49,-2.13,-0.49
0.61,-2.01,-0.18,0.67,-2.26,-0.43
0.67,-2.26,-0.3,0.79,-2.44,-0.37
0.73,-2.56,-0.37,0.85,-2.5,-0.49
1.04,-2.62,-0.24,1.1,-2.74,-0.55
1.16,-2.68,-0.37,1.16,-2.87,-0.55
1.04,-2.87,-0.43,1.28,-2.87,-0.49
1.04,-2.68,-0.37,1.34,-2.8,-0.61
1.28,-2.5,-0.43,1.1,-2.44,-0.37
0.91,-2.32,-0.43,0.85,-2.44,-0.43
0.61,-2.32,-0.3,0.67,-2.26,-0.55
-0.12,-2.01,0.18,-0.79,-0.24,-0.3
-0.73,-2.01,0.18,1.59,-4.51,-0.61
1.95,-4.02,-1.4,1.59,-0.79,-1.52
3.11,0.43,-1.16,1.52,-2.87,-0.55
2.13,-3.78,0.06,-0.24,-2.2,0.3
-0.49,-1.28,0.3,-1.46,-2.74,0.18
-1.28,-4.76,-0.43,1.22,-4.09,-1.04
0.49,-2.56,-1.22,1.71,-0.3,-1.16
1.1,-0.06,-0.73,1.59,-0.73,-0.3
1.77,-2.56,0.18,1.71,-2.99,0.24
1.77,-3.23,0,1.46,-3.96,-0.67
1.83,-4.7,-0.91,1.22,-4.76,-1.16
1.65,-2.87,-0.98,0.37,-1.1,-0.55
-0.06,0.43,-0.37,-1.46,-0.3,0
-1.4,-1.95,0.06,-0.18,-2.62,-0.06
-0.61,-2.5,-0.37,2.13,-2.44,-0.67
1.71,-4.94,-0.67,2.38,-3.84,-0.85
1.95,-2.44,-0.67,3.29,-0.79,-0.67
1.34,-2.62,-0.06,0.43,-2.13,-0.61
0.49,-1.95,-0.18,-1.16,-2.44,-0.49
-0.55,-2.5,-0.43,-0.85,-2.07,-0.55
0.43,-2.07,-0.55,0.55,-2.8,-0.49
1.89,-2.56,-0.37,2.2,-2.01,-0.12
2.32,-2.01,-0.49,1.89,-3.23,-0.43
1.59,-3.48,-0.43,1.28,-3.41,-0.55
0.49,-3.11,-0.73,0.18,-2.62,-0.55
-0.12,-2.01,-0.55,-0.49,-1.16,-0.37
-0.55,-1.34,-0.3,0.06,-1.22,-0.24
0.61,-1.77,-0.37,1.4,-2.2,-0.43
1.59,-2.93,-0.61,2.01,-3.11,-0.55
2.07,-3.29,-0.49,2.2,-2.8,-0.55
1.34,-2.62,-0.61,0.98,-2.38,-0.3
0.12,-2.44,-0.37,-0.24,-2.32,-0.24
-0.12,-2.07,-0.55,-0.12,-2.44,-0.3
0,-2.26,-0.37,0.37,-2.32,-0.55
1.22,-2.38,-0.43,1.71,-2.62,-0.55
2.01,-2.56,-0.67,2.07,-2.38,-0.61
1.95,-2.38,-0.49,1.52,-2.68,-0.55
0.85,-2.44,-0.61,0.43,-2.56,-0.3
0,-2.38,-0.37,-0.12,-2.01,-0.37
-0.37,-2.01,-0.37,-0.18,-1.89,-0.24
0.06,-2.07,-0.49,1.22,-2.26,-0.55
1.28,-2.68,-0.49,2.01,-2.68,-0.37
1.95,-3.23,-0.55,1.59,-3.17,-0.3
1.22,-2.56,-0.3,0.61,-1.71,-0.3
-0.06,-1.95,-0.24,0.12,-2.32,-0.49
-0.3,-2.62,-0.43,0.3,-2.2,-0.49
0.61,-2.2,-0.43,1.22,-2.01,-0.49
1.52,-2.62,-0.43,1.59,-2.56,-0.49
1.46,-2.62,-0.37,1.34,-2.56,-0.24
1.46,-2.8,-0.37,1.22,-2.8,-0.37
1.28,-2.68,-0.49,0.49,-2.87,-0.49
